panel_id,XB_start_m,YB_start_m,XB_end_m,YB_end_m,XC_m,YC_m,XC_over_c,YC_over_c,panel_length_m,tx,ty,nx,ny,Vt_m_s,Cp,normal_transpiration_m_s,is_pore1_panel,is_pore2_panel
0,1.0,0.0,0.9999901304280685,-2.151799620424277e-06,0.9999950652140343,-1.0758998102121384e-06,0.9999950652140343,-1.0758998102121384e-06,1.0101420282191418e-05,-0.9770479453169257,-0.21301951213908493,0.21301951213908488,-0.9770479453169257,-3.351558067595533,0.791895891245403,0.0,0,0
1,0.9999901304280685,-2.151799620424277e-06,0.9999605221019081,-8.606947942345344e-06,0.9999753262649883,-5.379373781384811e-06,0.9999753262649883,-5.379373781384811e-06,3.0303826786036133e-05,-0.9770490825942207,-0.2130142957685978,0.21301429576859818,-0.9770490825942206,-3.759530548978229,0.7381489047312499,0.0,0,0
2,0.9999605221019081,-8.606947942345344e-06,0.9999111761904045,-1.9364693418064125e-05,0.9999358491461563,-1.3985820680204735e-05,0.9999358491461563,-1.3985820680204735e-05,5.0504931143842874e-05,-0.9770513568880412,-0.2130038638223202,0.21300386382232014,-0.9770513568880412,-4.025398813077693,0.6998039406945227,0.0,0,0
3,0.9999111761904045,-1.9364693418064125e-05,0.99984209464165,-3.44237837039768e-05,0.9998766354160272,-2.6894238561020463e-05,0.9998766354160272,-2.6894238561020463e-05,7.070386537213775e-05,-0.9770547676695426,-0.2129882179234713,0.21298821792347084,-0.9770547676695427,-4.220451628138446,0.6700067833253012,0.0,0,0
4,0.99984209464165,-3.44237837039768e-05,0.9997532801828658,-5.378246601429187e-05,0.9997976874122578,-4.410312485913434e-05,0.9997976874122578,-4.410312485913434e-05,9.08997616603956e-05,-0.9770593141485188,-0.21296736049363565,0.21296736049363602,-0.9770593141485187,-4.375171553196776,0.645368481374341,0.0,0,0
5,0.9997532801828658,-5.378246601429187e-05,0.9996447363202946,-7.743848761564697e-05,0.9996990082515802,-6.561047681496942e-05,0.9996990082515802,-6.561047681496942e-05,0.00011109175243859832,-0.9770649952721834,-0.212941294759303,0.21294129475930296,-0.9770649952721834,-4.50395640010809,0.6241837852389415,0.0,0,0
6,0.9996447363202946,-7.743848761564697e-05,0.9995164673390624,-0.00010538909646298776,0.9995806018296785,-9.141379203931737e-05,0.9995806018296785,-9.141379203931737e-05,0.00013127897044569578,-0.9770718097248688,-0.2129100247545184,0.2129100247545179,-0.977071809724869,-4.614658370693858,0.6054825032438738,0.0,0,0
7,0.9995164673390624,-0.00010538909646298776,0.9993684783030088,-0.00013763104197555968,0.9994424728210356,-0.00012151006921927373,0.9994424728210356,-0.00012151006921927373,0.00015146054879906903,-0.977079755930009,-0.2128735553133694,0.21287355531336977,-0.9770797559300088,-4.712014275980106,0.5886605588932574,0.0,0,0
8,0.9993684783030088,-0.00013763104197555968,0.9992007750544876,-0.00017416057595273787,0.9992846266787482,-0.00015589580896414879,0.9992846266787482,-0.00015589580896414879,0.0001716356210614824,-0.9770888320504804,-0.21283189207031042,0.21283189207031036,-0.9770888320504804,-4.79909969139289,0.5733156620920252,0.0,0,0
9,0.9992007750544876,-0.00017416057595273787,0.9990133642141358,-0.00021497345362984504,0.9991070696343116,-0.00019456701479129144,0.9991070696343116,-0.00019456701479129144,0.0001918033213102671,-0.9770990359891916,-0.21278504145966767,0.21278504145966762,-0.9770990359891916,-4.878025862672611,0.5591657230178719,0.0,0,0
10,0.9990133642141358,-0.00021497345362984504,0.9988062531806126,-0.00026006493487192164,0.9989098086973742,-0.00023751919425088334,0.9989098086973742,-0.00023751919425088334,0.00021196278420435426,-0.9771103653910544,-0.21273301070910475,0.21273301070910428,-0.9771103653910546,-4.950306249797518,0.5460047665721506,0.0,0,0
11,0.9988062531806126,-0.00026006493487192164,0.9985794501303069,-0.00030942978550592274,0.9986928516554597,-0.0002847473601889222,0.9986928516554597,-0.0002847473601889222,0.00023211314505228417,-0.9771228176437752,-0.2126758078388084,0.21267580783880877,-0.9771228176437751,-5.0170639413438565,0.5336774355689031,0.0,0,0
12,0.9985794501303069,-0.00030942978550592274,0.9983329640170149,-0.0003630622787897927,0.9984562070736609,-0.00033624603214785773,0.9984562070736609,-0.00033624603214785773,0.00025225353987933863,-0.9771363898795443,-0.2126134416568511,0.21261344165685145,-0.9771363898795442,-5.079156141176936,0.5220634036836467,0.0,0,0
13,0.9983329640170149,-0.0003630622787897927,0.9980668045715863,-0.00042095619701821847,0.9981998842943005,-0.0003920092379040056,0.9981998842943005,-0.0003920092379040056,0.00027238310549429023,-0.977151078976173,-0.21254592175739517,0.21254592175739553,-0.977151078976173,-5.1372525753365785,0.5110673995466948,0.0,0,0
14,0.9980668045715863,-0.00042095619701821847,0.99778098230154,-0.00048310483326258755,0.9979238934365631,-0.000452030515140403,0.9979238934365631,-0.000452030515140403,0.00029250097955635775,-0.9771668815597364,-0.21247325851226576,0.21247325851226614,-0.9771668815597363,-5.191886896171237,0.500612572593629,0.0,0,0
15,0.99778098230154,-0.00048310483326258755,0.9974755084906501,-0.000549500993246263,0.9976282453960951,-0.0005163029132544253,0.9976282453960951,-0.0005163029132544253,0.00031260630064051687,-0.9771837940052812,-0.21239546307170554,0.2123954630717059,-0.9771837940052811,-5.2434915411733245,0.49063593591668786,0.0,0,0
16,0.9974755084906501,-0.000549500993246263,0.9971503951984995,-0.0006201369973518902,0.9973129518445748,-0.0005848189952990766,0.9973129518445748,-0.0005848189952990766,0.0003326982083045593,-0.9772018124397732,-0.21231254735512523,0.21231254735512473,-0.9772018124397733,-5.292422062886536,0.48108514790556034,0.0,0,0
17,0.9971503951984995,-0.0006201369973518902,0.9968056552600042,-0.0006950046827602862,0.9969780252292518,-0.0006575708400560882,0.9969780252292518,-0.0006575708400560882,0.00035277584315274364,-0.9772209327439693,-0.21222452404707298,0.21222452404707293,-0.9772209327439693,-5.338974537422906,0.47191618428926263,0.0,0,0
18,0.9968056552600042,-0.0006950046827602862,0.9964413022849068,-0.0007740954057207732,0.9966234787724555,-0.0007345500442405297,0.9966234787724555,-0.0007345500442405297,0.0003728383469021688,-0.9772411505542069,-0.212131406593861,0.21213140659386054,-0.977241150554207,-5.38339829329619,0.46309161867732507,0.0,0,0
19,0.9964413022849068,-0.0007740954057207732,0.996057350657239,-0.0008574000439487485,0.9962493264710729,-0.0008157477248347609,0.9962493264710729,-0.0008157477248347609,0.0003928848624457894,-0.9772624612656796,-0.21203320919362129,0.21203320919362167,-0.9772624612656796,-5.425905397428469,0.45457932896754627,0.0,0,0
20,0.996057350657239,-0.0008574000439487485,0.9956538155347533,-0.0009449089991521261,0.9958555830959961,-0.0009011545215504373,0.9958555830959961,-0.0009011545215504373,0.0004129145339175343,-0.9772848600342345,-0.2119299467934311,0.21192994679343147,-0.9772848600342345,-5.466677844834447,0.4463515081115099,0.0,0,0
21,0.9956538155347533,-0.0009449089991521261,0.9952307128483255,-0.001036612199682553,0.9954422641915395,-0.0009907605994173396,0.9954422641915395,-0.0009907605994173396,0.0004329265067536384,-0.9773083417794229,-0.21182163508092022,0.21182163508092017,-0.977308341779423,-5.505873090617094,0.43838389649347675,0.0,0,0
22,0.9952307128483255,-0.001036612199682553,0.9947880593013254,-0.0011324991033110395,0.9950093860748255,-0.0010845556514967962,0.9950093860748255,-0.0010845556514967962,0.00045291992775683016,-0.977332901187304,-0.2117082904772686,0.21170829047726855,-0.977332901187304,-5.543628364574767,0.4306551783774112,0.0,0,0
23,0.9947880593013254,-0.0011324991033110395,0.994325872368957,-0.0012325587001264903,0.9945569658351412,-0.001182528901718765,0.9945569658351412,-0.001182528901718765,0.0004728939451579134,-0.9773585327130755,-0.2115899301312427,0.21158993013124264,-0.9773585327130755,-5.5800640778643915,0.4231465016474747,0.0,0,0
24,0.994325872368957,-0.0012325587001264903,0.9938441702975689,-0.0013367795155540027,0.9940850213332629,-0.0012846691078402465,0.9940850213332629,-0.0012846691078402465,0.0004928477086767804,-0.9773852305844858,-0.21146657190986848,0.21146657190986798,-0.9773852305844859,-5.6152865430339665,0.4158410914516324,0.0,0,0
25,0.9938441702975689,-0.0013367795155540027,0.9933429721039341,-0.001445149613492419,0.9935935712007515,-0.001390964564523211,0.9935935712007515,-0.001390964564523211,0.0005127803695832938,-0.9774129888047489,-0.2113382343916209,0.21133823439162125,-0.9774129888047489,-5.64939016821296,0.40872393623645265,0.0,0,0
26,0.9933429721039341,-0.001445149613492419,0.992822297574499,-0.0015576565995684118,0.9930826348392165,-0.0015014031065304152,0.9930826348392165,-0.0015014031065304152,0.0005326910807572382,-0.9774418011559229,-0.21120493685770036,0.21120493685769987,-0.977441801155923,-5.6824592440061865,0.40178153019630336,0.0,0,0
27,0.992822297574499,-0.0015576565995684118,0.9922821672646027,-0.001674287624504926,0.9925522324195508,-0.0016159721120366688,0.9925522324195508,-0.0016159721120366688,0.0005525789967474496,-0.977471661202432,-0.21106669928285227,0.2110666992828522,-0.977471661202432,-5.714569411649027,0.3950016601165751,0.0,0,0
28,0.9922821672646027,-0.001674287624504926,0.9917226024976649,-0.0017950293876031072,0.9920023848811338,-0.0017346585060540166,0.9920023848811338,-0.0017346585060540166,0.000572443273830934,-0.977502562294271,-0.21092354232786553,0.21092354232786503,-0.9775025622942711,-5.745788879463774,0.38837322744186453,0.0,0,0
29,0.9917226024976649,-0.0017950293876031072,0.9911436253643444,-0.00191986814033354,0.9914331139310046,-0.0018574487639683238,0.9914331139310046,-0.0018574487639683238,0.000592283070069753,-0.9775344975710015,-0.21077548732860193,0.21077548732860232,-0.9775344975710014,-5.776179438938371,0.3818860984964091,0.0,0,0
30,0.9911436253643444,-0.00191986814033354,0.990545258721667,-0.00204878969003649,0.9908444420430057,-0.001984328915185015,0.9908444420430057,-0.001984328915185015,0.0006120975453690915,-0.9775674599652516,-0.2106225562875122,0.21062255628751214,-0.9775674599652516,-5.8057973202367785,0.3755309773199983,0.0,0,0
31,0.990545258721667,-0.00204878969003649,0.9899275261921234,-0.002181779403727432,0.9902363924568952,-0.002115284546881961,0.9902363924568952,-0.002115284546881961,0.000631885861531876,-0.9776014422066567,-0.2104647718632858,0.21046477186328574,-0.9776014422066567,-5.834693918398224,0.369299296724806,0.0,0,0
32,0.9899275261921234,-0.002181779403727432,0.989290452162736,-0.0023188222120064895,0.9896089891774298,-0.002250300807866961,0.9896089891774298,-0.002250300807866961,0.0006516471823164005,-0.9776364368258285,-0.21030215736054164,0.210302157360542,-0.9776364368258283,-5.862916415105645,0.3631831240267972,0.0,0,0
33,0.989290452162736,-0.0023188222120064895,0.9886340617840967,-0.0024599026130687966,0.9889622569734164,-0.002389362412537643,0.9889622569734164,-0.002389362412537643,0.0006713806734886968,-0.9776724361582984,-0.21013473671979632,0.21013473671979582,-0.9776724361582985,-5.890508316178206,0.3571750785236263,0.0,0,0
34,0.9886340617840967,-0.0024599026130687966,0.9879583809693737,-0.0026050046768131036,0.9882962213767352,-0.00253245364494095,0.9882962213767352,-0.00253245364494095,0.0006910855028776289,-0.9777094323488746,-0.20996253450566188,0.20996253450566182,-0.9777094323488746,-5.917509921432438,0.3512682582386306,0.0,0,0
35,0.9879583809693737,-0.0026050046768131036,0.9872634363932886,-0.0027541120490468846,0.9876109086813312,-0.002679558362929994,0.9876109086813312,-0.002679558362929994,0.0007107608404270466,-0.9777474173556826,-0.2097855758966582,0.2097855758966581,-0.9777474173556827,-5.943958741065762,0.3454561737446258,0.0,0,0
36,0.9872634363932886,-0.0027541120490468846,0.9865492554910633,-0.0029072079557843768,0.986906345942176,-0.0028306600024156307,0.986906345942176,-0.0028306600024156307,0.0007304058582480858,-0.977786382954678,-0.209603886672952,0.20960388667295193,-0.977786382954678,-5.96988987099785,0.3397326870563704,0.0,0,0
37,0.9865492554910633,-0.0029072079557843768,0.985815866457337,-0.0030642752076358065,0.9861825609742001,-0.0029857415817100916,0.9861825609742001,-0.0029857415817100916,0.0007500197306699323,-0.9778263207439234,-0.20941749320532407,0.20941749320532357,-0.9778263207439234,-5.995336338606197,0.3340919536339372,0.0,0,0
38,0.985815866457337,-0.0030642752076358065,0.9850632982450529,-0.0032252962042841446,0.985439582351195,-0.0031447857059599756,0.985439582351195,-0.0031447857059599756,0.0007696016342901648,-0.9778672221482648,-0.2092264224423772,0.2092264224423767,-0.9778672221482649,-6.020329429903594,0.328528365483051,0.0,0,0
39,0.9850632982450529,-0.0032252962042841446,0.9842915805643155,-0.0033902529390472456,0.9846774394046842,-0.003307774571665695,0.9846774394046842,-0.003307774571665695,0.0007891507480236933,-0.9779090784238738,-0.20903070189847686,0.20903070189847725,-0.9779090784238736,-6.044899009402136,0.32303649316879557,0.0,0,0
40,0.9842915805643155,-0.0033902529390472456,0.9835007438812176,-0.0035591270035228825,0.9838961622227665,-0.003474689971285064,0.9838961622227665,-0.003474689971285064,0.0008086662531514116,-0.9779518806628263,-0.2088303596416028,0.20883035964160274,-0.9779518806628263,-6.069073844587195,0.3176110242912281,0.0,0,0
41,0.9835007438812176,-0.0035591270035228825,0.9826908194166369,-0.0037318995923123666,0.9830957816489272,-0.0036455132979176246,0.9830957816489272,-0.0036455132979176246,0.0008281473333672058,-0.9779956197981116,-0.20862542427927525,0.2086254242792756,-0.9779956197981114,-6.0928819479735035,0.3122466956242954,0.0,0,0
42,0.9826908194166369,-0.0037318995923123666,0.9818618391450049,-0.003908551507821483,0.982276329280821,-0.003820225550066925,0.982276329280821,-0.003820225550066925,0.0008475931748239561,-0.9780402866082628,-0.2084159249463129,0.20841592494631325,-0.9780402866082627,-6.116350950787066,0.3069382157668331,0.0,0,0
43,0.9818618391450049,-0.003908551507821483,0.9810138357930429,-0.004089063165135031,0.9814378374690239,-0.003998807336478257,0.9814378374690239,-0.003998807336478257,0.0008670029661799741,-0.9780858717223478,-0.20820189129096525,0.20820189129096517,-0.9780858717223478,-6.1395085227936805,0.3016801749352126,0.0,0,0
44,0.9810138357930429,-0.004089063165135031,0.9801468428384715,-0.00427341459696144,0.9805803393157573,-0.0041812388810482356,0.9805803393157573,-0.0041812388810482356,0.0008863758986416843,-0.9781323656250016,-0.20798335346089145,0.2079833534608918,-0.9781323656250016,-6.162382851464313,0.2964669387217631,0.0,0,0
45,0.9801468428384715,-0.00427341459696144,0.979260894508688,-0.004461585458646385,0.9797038686735797,-0.004367500027803913,0.9797038686735797,-0.004367500027803913,0.0009057111660090287,-0.9781797586612417,-0.2077603420901948,0.2077603420901943,-0.9781797586612418,-6.18500318867332,0.29129252368980063,0.0,0,0
46,0.979260894508688,-0.004461585458646385,0.9783560257794153,-0.004653555033248705,0.9788084601440517,-0.004557570245947546,0.9788084601440517,-0.004557570245947546,0.0009250079647163523,-0.9782280410420342,-0.20753288828295213,0.20753288828295208,-0.9782280410420342,-6.20740046152628,0.2861504552785047,0.0,0,0
47,0.9783560257794153,-0.004653555033248705,0.9774322723733215,-0.004849302236680137,0.9778941490763684,-0.004751428634964422,0.9778941490763684,-0.004751428634964422,0.0009442654938739502,-0.9782772028488982,-0.2073010236012733,0.20730102360127325,-0.9782772028488982,-6.229607922567733,0.28103361342381383,0.0,0,0
48,0.9774322723733215,-0.004849302236680137,0.9764896707586094,-0.005048805622901598,0.9769609715659655,-0.004949053929790868,0.9769609715659655,-0.004949053929790868,0.0009634829553094315,-0.9783272340395811,-0.2070647800483286,0.20706478004832854,-0.9783272340395811,-6.25166178087564,0.2759340792520887,0.0,0,0
49,0.9764896707586094,-0.005048805622901598,0.9755282581475768,-0.005252043389175499,0.9760089644530932,-0.0051504245060385485,0.9760089644530932,-0.0051504245060385485,0.0009826595536056397,-0.9783781244530455,-0.20682419005459912,0.20682419005459907,-0.9783781244530455,-6.273601711379326,0.2708430068079869,0.0,0,0
50,0.9755282581475768,-0.005252043389175499,0.9745480724951474,-0.005458993381369185,0.9750381653213621,-0.005355518385272342,0.9750381653213621,-0.005355518385272342,0.0010017944961405187,-0.9784298638150262,-0.20657928646141985,0.2065792864614198,-0.9784298638150262,-6.295471096267321,0.2657505545233534,0.0,0,0
51,0.9745480724951474,-0.005458993381369185,0.9735491524973722,-0.005669633099308121,0.9740486124962597,-0.005564313240338653,0.9740486124962597,-0.005564313240338653,0.0010208869931234684,-0.9784824417431154,-0.20633010250671346,0.2063301025067134,-0.9784824417431154,-6.31731683592929,0.2606459158546056,0.0,0,0
52,0.9735491524973722,-0.005669633099308121,0.9725315375899024,-0.005883939702173309,0.9730403450436373,-0.005776786400740715,0.9730403450436373,-0.005776786400740715,0.0010399362576313596,-0.9785358477524051,-0.20607667180804806,0.20607667180804798,-0.9785358477524051,-6.339188617669994,0.2555174775826946,0.0,0,0
53,0.9725315375899024,-0.005883939702173309,0.9714952679464323,-0.006101890013941646,0.9720134027681673,-0.005992914858057478,0.9720134027681673,-0.005992914858057478,0.0010589415056449795,-0.9785900712608051,-0.20581902834716825,0.2058190283471682,-0.9785900712608051,-6.36113768568446,0.250353098397991,0.0,0,0
54,0.9714952679464323,-0.006101890013941646,0.9704403844771128,-0.006323460528864474,0.9709678262117725,-0.006212675271403061,0.9709678262117725,-0.006212675271403061,0.0010779019560825866,-0.9786451015946163,-0.2055572064532478,0.20555720645324774,-0.9786451015946163,-6.383215411977766,0.2451404395933573,0.0,0,0
55,0.9704403844771128,-0.006323460528864474,0.9693669288269371,-0.0065486274169822495,0.9699036566520249,-0.006436043972923362,0.9699036566520249,-0.006436043972923362,0.0010968168308330979,-0.9787009279939098,-0.20529124078698463,0.20529124078698457,-0.9787009279939098,-6.405472242355353,0.23986721274034406,0.0,0,0
56,0.9693669288269371,-0.0065486274169822495,0.9682749433740961,-0.006777366529671072,0.9688209361005167,-0.006662996973326661,0.9688209361005167,-0.006662996973326661,0.0011156853547886706,-0.9787575396181383,-0.20502116632350062,0.20502116632350056,-0.9787575396181383,-6.427957730438674,0.23452117250833737,0.0,0,0
57,0.9682749433740961,-0.006777366529671072,0.9671644712283061,-0.007009653405217786,0.9677197073012012,-0.006893509967444429,0.9677197073012012,-0.006893509967444429,0.001134506755875376,-0.9788149255517167,-0.20474701833527945,0.2047470183352794,-0.9788149255517167,-6.450722243433995,0.22908970890351998,0.0,0,0
58,0.9671644712283061,-0.007009653405217786,0.9660355562291054,-0.007245463274421138,0.9666000137287057,-0.007127558339819462,0.9666000137287057,-0.007127558339819462,0.0011532802650847278,-0.9788730748095388,-0.2044688323753011,0.2044688323753015,-0.9788730748095388,-6.473820545422821,0.22355897960750726,0.0,0,0
59,0.9660355562291054,-0.007245463274421138,0.9648882429441257,-0.007484771066214758,0.9654618995866155,-0.007365117170317948,0.9654618995866155,-0.007365117170317948,0.001172005116500842,-0.978931976342546,-0.20418664425979707,0.20418664425979702,-0.978931976342546,-6.497317048131189,0.21791262109358955,0.0,0,0
60,0.9648882429441257,-0.007484771066214758,0.9637225766673307,-0.0077275514133083745,0.9643054098057282,-0.007606161239761567,0.9643054098057282,-0.007606161239761567,0.0011906805473307486,-0.9789916190434996,-0.20390049004989466,0.20390049004989416,-0.9789916190434997,-6.521292339537764,0.21213012098540784,0.0,0,0
61,0.9637225766673307,-0.0077275514133083745,0.962538603417229,-0.0079737786578458,0.9631305900422799,-0.007850665035577086,0.9631305900422799,-0.007850665035577086,0.001209305797930804,-0.9790519917523159,-0.2036104060352101,0.2036104060352096,-0.979051991752316,-6.545850801296093,0.20618488677853597,0.0,0,0
62,0.962538603417229,-0.0079737786578458,0.9613363699350574,-0.008223426857072901,0.9619374866761432,-0.00809860275745935,0.9619374866761432,-0.00809860275745935,0.0012278801118316062,-0.9791130832619908,-0.20331642871444974,0.2033164287144497,-0.9791130832619908,-6.571129652779913,0.2000419171477008,0.0,0,0
63,0.9613363699350574,-0.008223426857072901,0.9601159236829352,-0.008476469789016472,0.9607261468089963,-0.008349948323044688,0.9607261468089963,-0.008349948323044688,0.0012464027357663551,-0.9791748823239369,-0.20301859477866652,0.20301859477866688,-0.9791748823239368,-6.597310477951059,0.19365480086804532,0.0,0,0
64,0.9601159236829352,-0.008476469789016472,0.9588773128419905,-0.008732880958166392,0.9594966182624629,-0.008604675373591431,0.9594966182624629,-0.008604675373591431,0.001264872919692135,-0.979237377653835,-0.20271694109185975,0.2027169410918597,-0.979237377653835,-6.624635173450731,0.1869615383769232,0.0,0,0
65,0.9588773128419905,-0.008732880958166392,0.9576205863104588,-0.008992633601160918,0.9582489495762246,-0.008862757279663656,0.9582489495762246,-0.008862757279663656,0.001283289916814771,-0.9793005579370916,-0.20241150467327979,0.20241150467327929,-0.9793005579370917,-6.653429526781351,0.17987834222763843,0.0,0,0
66,0.9576205863104588,-0.008992633601160918,0.9563457937017514,-0.009255700692470125,0.9569831900061051,-0.00912416714681552,0.9569831900061051,-0.00912416714681552,0.0013016529836115038,-0.9793644118345222,-0.20210232267844042,0.20210232267844036,-0.9793644118345222,-6.684139907175631,0.17228996262983365,0.0,0,0
67,0.9563457937017514,-0.009255700692470125,0.9550529853424978,-0.009522054950074695,0.9556993895221246,-0.00938887782127241,0.9556993895221246,-0.00938887782127241,0.0013199613798517292,-0.9794289279878978,-0.20178943238058134,0.20178943238058128,-0.9794289279878978,-6.717393182016751,0.16403384136192778,0.0,0,0
68,0.9550529853424978,-0.009522054950074695,0.9537422122705586,-0.009791668841136143,0.9543975988065282,-0.009656861895605419,0.9543975988065282,-0.009656861895605419,0.0013382143686175316,-0.9794940950255935,-0.20147287115141232,0.20147287115141183,-0.9794940950255936,-6.754100124999925,0.15487266770867159,0.0,0,0
69,0.9537422122705586,-0.009791668841136143,0.9524135262330098,-0.010064514587656757,0.9530778692517842,-0.00992809171439645,0.9530778692517842,-0.00992809171439645,0.0013564112163246917,-0.9795599015680141,-0.20115267644270257,0.20115267644270293,-0.979559901568014,-6.795646629966325,0.14444342361409102,0.0,0,0
70,0.9524135262330098,-0.010064514587656757,0.9510669796841014,-0.010340564172123286,0.9517402529585556,-0.010202539379890022,0.9517402529585556,-0.010202539379890022,0.0013745511927394072,-0.9796263362333034,-0.2008288857662531,0.20082888576625305,-0.9796263362333034,-6.844280357435358,0.1321538515398739,0.0,0,0
71,0.9510669796841014,-0.010340564172123286,0.9497026257831855,-0.010619789343133927,0.9503848027336435,-0.010480176757628606,0.9503848027336435,-0.010480176757628606,0.0013926335709978255,-0.979693387642712,-0.20050153667527557,0.20050153667527507,-0.9796933876427121,-6.903993745348973,0.11694462765741975,0.0,0,0
72,0.9497026257831855,-0.010619789343133927,0.948320518392618,-0.01090216162100377,0.9490115720879018,-0.010760975482068849,0.9490115720879018,-0.010760975482068849,0.0014106576276229571,-0.9797610444261221,-0.2001706667447415,0.20017066674474143,-0.9797610444261221,-6.98293538436856,0.09663511432081884,0.0,0,0
73,0.948320518392618,-0.01090216162100377,0.9469207120756319,-0.011187652303345397,0.9476206152341249,-0.011044906962174583,0.9476206152341249,-0.011044906962174583,0.001428622642540044,-0.9798292952275333,-0.1998363135516552,0.19983631355165515,-0.9798292952275333,-7.102285286663383,0.06549122253190143,0.0,0,0
74,0.9469207120756319,-0.011187652303345397,0.9455032620941839,-0.011476232470622193,0.946211987084908,-0.011331942386983795,0.946211987084908,-0.011331942386983795,0.0014465278990923132,-0.9798981287104344,-0.19949851465559593,0.19949851465559543,-0.9798981287104345,-7.360720892536315,-0.003755317521815682,0.0,0,0
75,0.9455032620941839,-0.011476232470622193,0.9440682244067722,-0.011767872991670938,0.944785743250478,-0.011622052731146566,0.944785743250478,-0.011622052731146566,0.001464372684056055,-0.9799675335631833,-0.19915730757893657,0.19915730757893652,-0.9799675335631833,-7.354062185754958,-0.001940090642857717,0.7482467062849849,1,0
76,0.9440682244067722,-0.011767872991670938,0.9426156556662277,-0.012062544529190247,0.9433419400365,-0.011915208760430594,0.9433419400365,-0.011915208760430594,0.0014821562876535228,-0.9800374985043461,-0.19881272978696277,0.1988127297869627,-0.9800374985043461,-7.085993196135761,0.06977368610174983,0.7482467062849849,1,0
77,0.9426156556662277,-0.012062544529190247,0.9411456132174767,-0.012360217545192197,0.9418806344418522,-0.012211381037191223,0.9418806344418522,-0.012211381037191223,0.0014998780035675083,-0.9801080122879979,-0.19846481866786808,0.19846481866786847,-0.9801080122879978,-6.955586512587257,0.10369736770416704,0.7482467062849849,1,0
78,0.9411456132174767,-0.012360217545192197,0.9396581550952782,-0.012660862306413577,0.9404018841563775,-0.012510539925802887,0.9404018841563775,-0.012510539925802887,0.0015175371289507964,-0.9801790637089278,-0.1981136115129135,0.19811361151291343,-0.9801790637089278,-6.864346879152135,0.12705757219398972,0.7482467062849849,1,0
79,0.9396581550952782,-0.012660862306413577,0.9381533400219317,-0.01296444888968442,0.9389057475586049,-0.012812655598048998,0.9389057475586049,-0.012812655598048998,0.001535132964440766,-0.9802506416078572,-0.19775914549619228,0.1977591454961922,-0.9802506416078572,-6.790586862439526,0.14571697594796718,0.7482467062849849,1,0
80,0.9381533400219317,-0.01296444888968442,0.9366312274049601,-0.013270947187250123,0.9373922837134459,-0.013117698038467272,0.9373922837134459,-0.013117698038467272,0.0015526648141678844,-0.9803227348765563,-0.19740145765457048,0.19740145765457,-0.9803227348765564,-6.725433487189973,0.16203144388063495,0.7482467062849849,1,0
81,0.9366312274049601,-0.013270947187250123,0.9350918773347628,-0.013580326912044544,0.9358615523698615,-0.013425637049647334,0.9358615523698615,-0.013425637049647334,0.0015701319857674685,-0.9803953324629645,-0.19704058486726383,0.19704058486726375,-0.9803953324629645,-6.6638848931001196,0.17729879748271837,0.7482467062849849,1,0
82,0.9350918773347628,-0.013580326912044544,0.933535350582245,-0.01389255760291155,0.934313613958504,-0.013736442257478047,0.934313613958504,-0.013736442257478047,0.0015875337903877777,-0.9804684233761252,-0.1966765638359982,0.19667656383599816,-0.9804684233761252,-6.602210205001009,0.19245663427439985,0.7482467062849849,1,0
83,0.933535350582245,-0.01389255760291155,0.9319617085964176,-0.01420760862977139,0.9327485295893313,-0.014050083116341469,0.9327485295893313,-0.014050083116341469,0.0016048695426994525,-0.9805419966912124,-0.1963094310643538,0.19630943106435372,-0.9805419966912124,-6.536676591115016,0.20840843983602364,0.7482467062849849,1,0
84,0.9319617085964176,-0.01420760862977139,0.9303710135019718,-0.014525449198729619,0.9311663610491947,-0.014366528914250505,0.9311663610491947,-0.014366528914250505,0.0016221385609033205,-0.9806160415543967,-0.19593922283755666,0.1959392228375566,-0.9806160415543967,-6.462274872413487,0.22632598255840386,0.7482467062849849,1,0
85,0.9303710135019718,-0.014525449198729619,0.9287633280968262,-0.01484604835712584,0.929567170799399,-0.01468574877792773,0.929567170799399,-0.01468574877792773,0.0016393401667386621,-0.9806905471876699,-0.19556597520210073,0.19556597520210064,-0.9806905471876699,-6.370112042372341,0.24823638761468003,0.7482467062849849,1,0
86,0.9287633280968262,-0.01484604835712584,0.9271387158496476,-0.015169374998519315,0.9279510219732369,-0.015007711677822578,0.9279510219732369,-0.015007711677822578,0.0016564736854889734,-0.9807655028935834,-0.19518972394543802,0.19518972394543838,-0.9807655028935834,-6.238429989754834,0.2789958412213651,0.7482467062849849,1,0
87,0.9271387158496476,-0.015169374998519315,0.925497240897346,-0.01549539786760875,0.9263179783734967,-0.015332386433064032,0.9263179783734967,-0.015332386433064032,0.001673538445988874,-0.9808408980599633,-0.19481050457540666,0.1948105045754066,-0.9808408980599633,-5.96812012586572,0.34012409516922004,0.7482467062849849,1,0
88,0.925497240897346,-0.01549539786760875,0.9238389680425416,-0.015824085565084703,0.9246681044699439,-0.015659741716346726,0.9246681044699439,-0.015659741716346726,0.001690533780630552,-0.9809167221644252,-0.194428352300275,0.1944283523002745,-0.9809167221644253,-5.962512788493457,0.34136348328836263,0.0,0,0
89,0.9238389680425416,-0.015824085565084703,0.9221639627510075,-0.016155406552409917,0.9230014653967746,-0.01598974605874731,0.9230014653967746,-0.01598974605874731,0.0017074590253676161,-0.980992964779025,-0.19404330200771877,0.19404330200771872,-0.980992964779025,-6.218182351731261,0.28366847211206425,0.0,0,0
90,0.9221639627510075,-0.016155406552409917,0.9204722911490846,-0.016489329156527618,0.9213181269500461,-0.016322367854468767,0.9213181269500461,-0.016322367854468767,0.0017243135197212095,-0.9810696155745938,-0.1936553882449924,0.19365538824499232,-0.9810696155745938,-6.3351991934357414,0.25645422902745507,0.0,0,0
91,0.9204722911490846,-0.016489329156527618,0.9187640200210708,-0.016825821574493673,0.9196181555850778,-0.016657575365510643,0.9196181555850778,-0.016657575365510643,0.0017410966067837852,-0.9811466643251509,-0.19326464519831263,0.19326464519831257,-0.981146664325151,-6.411620637275871,0.23840726118505562,0.0,0,0
92,0.9187640200210708,-0.016825821574493673,0.9170392168065857,-0.017164851878030914,0.9179016184138282,-0.016995336726262293,0.9179016184138282,-0.016995336726262293,0.001757807633222323,-0.9812241009121531,-0.1928711066726609,0.19287110667266086,-0.9812241009121531,-6.468546659291149,0.22482351685102242,0.0,0,0
93,0.9170392168065857,-0.017164851878030914,0.9152979495979063,-0.017506388018003267,0.916168583202246,-0.017335619948017092,0.916168583202246,-0.017335619948017092,0.0017744459492837071,-0.9813019153287241,-0.1924748060712816,0.1924748060712815,-0.9813019153287242,-6.514094172956162,0.2138684539441852,0.0,0,0
94,0.9152979495979063,-0.017506388018003267,0.913540287137281,-0.017850397828807426,0.9144191183675936,-0.017678392923405346,0.9144191183675936,-0.017678392923405346,0.0017910109087945624,-0.9813800976836914,-0.19207577637575335,0.1920757763757533,-0.9813800976836914,-6.5522353201582195,0.2046356308222217,0.0,0,0
95,0.913540287137281,-0.017850397828807426,0.9117662988142137,-0.01819684903268046,0.9126532929757474,-0.018023623430743943,0.9126532929757474,-0.018023623430743943,0.0018075018691675543,-0.9814586382056192,-0.19167405012565336,0.1916740501256533,-0.9814586382056192,-6.585202252667795,0.19661189977463756,0.0,0,0
96,0.9117662988142137,-0.01819684903268046,0.9099760546627262,-0.018545709243919756,0.91087117673847,-0.018371279138300108,0.91087117673847,-0.018371279138300108,0.0018239181914002818,-0.9815375272467681,-0.19126965939819063,0.19126965939819057,-0.9815375272467681,-6.614368886498955,0.18947953922984784,0.0,0,0
97,0.9099760546627262,-0.018545709243919756,0.908169625358592,-0.018896945973015895,0.9090728400106591,-0.018721327608467828,0.9090728400106591,-0.018721327608467828,0.0018402592400803162,-0.981616755286813,-0.19086263578864512,0.19086263578864548,-0.981616755286813,-6.640637562324355,0.18302886242899896,0.0,0,0
98,0.908169625358592,-0.018896945973015895,0.9063470822165469,-0.019250526630693775,0.9072583537875695,-0.019073736301854834,0.9072583537875695,-0.019073736301854834,0.0018565243833840632,-0.9816963129366422,-0.19045301038997098,0.19045301038997092,-0.9816963129366422,-6.664630517967747,0.17711468241970718,0.0,0,0
99,0.9063470822165469,-0.019250526630693775,0.9045084971874737,-0.019606418531861788,0.9054277897020103,-0.01942847258127778,0.9054277897020103,-0.01942847258127778,0.001872712993079573,-0.9817761909419663,-0.19004081377294618,0.19004081377294657,-0.9817761909419663,-6.686793498801212,0.17163263335833334,0.0,0,0
100,0.9045084971874737,-0.019606418531861788,0.9026539428555609,-0.019964588899467645,0.9035812200215173,-0.019785503715664718,0.9035812200215173,-0.019785503715664718,0.0018888244445282867,-0.9818563801867747,-0.18962607596668696,0.1896260759666869,-0.9818563801867747,-6.7074557601260665,0.1665053964468356,0.0,0,0
101,0.9026539428555609,-0.019964588899467645,0.9007834924354383,-0.020325004868257106,0.9017187176454996,-0.020144796883862375,0.9017187176454996,-0.020144796883862375,0.0019048581166835365,-0.9819368716968429,-0.18920882643845682,0.18920882643845674,-0.9819368716968429,-6.726866732954745,0.16167424969843558,0.0,0,0
102,0.9007834924354383,-0.020325004868257106,0.8988972197692855,-0.02068763348843675,0.8998403561023619,-0.02050631917834693,0.8998403561023619,-0.02050631917834693,0.0019208133920942626,-0.9820176566429595,-0.18878909407450029,0.18878909407449979,-0.9820176566429596,-6.745219428958422,0.1570936548405829,0.0,0,0
103,0.8988972197692855,-0.02068763348843675,0.8969951993239177,-0.02105244172923655,0.8979462095466015,-0.02087003760883665,0.8979462095466015,-0.02087003760883665,0.0019366896569023597,-0.9820987263442049,-0.1883669071601766,0.18836690716017654,-0.9820987263442049,-6.762665931384715,0.15272766319963638,0.0,0,0
104,0.8969951993239177,-0.02105244172923655,0.8950775061878452,-0.021419396482373263,0.8960363527558814,-0.021235919105804905,0.8960363527558814,-0.021235919105804905,0.0019524863008454493,-0.9821800722709815,-0.1879422933609399,0.18794229336093982,-0.9821800722709815,-6.779327965931101,0.14854745605831088,0.0,0,0
105,0.8950775061878452,-0.021419396482373263,0.8931442160683094,-0.021788464565411676,0.8941108611280773,-0.02160393052389247,0.8941108611280773,-0.02160393052389247,0.00196820271725562,-0.9822616860480214,-0.18751527970301046,0.1875152797030104,-0.9822616860480214,-6.795304305203728,0.14452961727338653,0.0,0,0
106,0.8931442160683094,-0.021788464565411676,0.891195405288294,-0.022159612725022263,0.8921698106783017,-0.02197403864521697,0.8921698106783017,-0.02197403864521697,0.0019838383030596498,-0.9823435594573315,-0.18708589255392882,0.18708589255392832,-0.9823435594573316,-6.8106760739155545,0.1406548926719312,0.0,0,0
107,0.891195405288294,-0.022159612725022263,0.8892311507835117,-0.02253280764013622,0.8902132780359029,-0.02234621018257924,0.8902132780359029,-0.02234621018257924,0.00199939245877956,-0.9824256844408215,-0.18665415760433385,0.18665415760433335,-0.9824256844408216,-6.825510625979766,0.13690728141839603,0.0,0,0
108,0.8892311507835117,-0.02253280764013622,0.8872515300993669,-0.02290801592499358,0.8882413404414393,-0.022720411782564898,0.8882413404414393,-0.022720411782564898,0.0020148645885318377,-0.9825080531031084,-0.18622009984837684,0.18622009984837634,-0.9825080531031085,-6.839864427854452,0.1332733589134233,0.0,0,0
109,0.8872515300993669,-0.02290801592499358,0.8852566213878947,-0.023285204132086186,0.8862540757436308,-0.023096610028539882,0.8862540757436308,-0.023096610028539882,0.00203025410002716,-0.9825906577139452,-0.18578374356567526,0.1857837435656752,-0.9825906577139452,-6.853785236431011,0.1297417644046729,0.0,0,0
110,0.8852566213878947,-0.023285204132086186,0.883246503404675,-0.023664338754993505,0.8842515623962849,-0.023474771443539846,0.8842515623962849,-0.023474771443539846,0.0020455604045714055,-0.9826734907106662,-0.18534511230273684,0.18534511230273634,-0.9826734907106663,-6.867313767122648,0.12630280786230275,0.0,0,0
111,0.883246503404675,-0.023664338754993505,0.8812212555057239,-0.024045386231109068,0.8822338794551995,-0.023854862493051285,0.8822338794551995,-0.023854862493051285,0.0020607829170632788,-0.9827565447005792,-0.18490422885423305,0.1849042288542334,-0.982756544700579,-6.880484987608068,0.12294816459147606,0.0,0,0
112,0.8812212555057239,-0.024045386231109068,0.879180957644361,-0.024428312944260188,0.8802011065750425,-0.024236849587684628,0.8802011065750425,-0.024236849587684628,0.002075921055995855,-0.9828398124629955,-0.18446111524574496,0.18446111524574535,-0.9828398124629953,-6.893329132712387,0.11967063531562439,0.0,0,0
113,0.879180957644361,-0.024428312944260188,0.877125690368052,-0.02481308522721653,0.8781533240062065,-0.024620699085738357,0.8781533240062065,-0.024620699085738357,0.0020909742434564,-0.9829232869514584,-0.18401579271503027,0.18401579271503066,-0.9829232869514584,-6.9058725088117185,0.11646395575451018,0.0,0,0
114,0.877125690368052,-0.02481308522721653,0.8750555348152298,-0.025199669364089405,0.8760906125916409,-0.025006377295652967,0.8760906125916409,-0.025006377295652967,0.0021059419051251897,-0.9830069612956073,-0.1835682816947866,0.1835682816947861,-0.9830069612956074,-6.918138137477557,0.11332264406311188,0.0,0,0
115,0.8750555348152298,-0.025199669364089405,0.8729705727120911,-0.025588031592620464,0.8740130537636605,-0.025393850478354935,0.8740130537636605,-0.025393850478354935,0.0021208234702761357,-0.9830908288030317,-0.18311860179503409,0.18311860179503403,-0.9830908288030317,-6.930146274986925,0.11024187754699766,0.0,0,0
116,0.8729705727120911,-0.025588031592620464,0.8708708863693696,-0.025978138106359683,0.8719207295407303,-0.025783084849490073,0.8719207295407303,-0.025783084849490073,0.002135618371777361,-0.9831748829609716,-0.1826667717858943,0.18266677178589466,-0.9831748829609714,-6.9419148350127164,0.10721739224271842,0.0,0,0
117,0.8708708863693696,-0.025978138106359683,0.8687565586790869,-0.02636995505673187,0.8698137225242282,-0.026174046581545776,0.8698137225242282,-0.026174046581545776,0.002150326046090531,-0.9832591174379198,-0.1822128095804548,0.18221280958045474,-0.9832591174379198,-6.953459735097204,0.1042454005202853,0.0,0,0
118,0.8687565586790869,-0.02636995505673187,0.8666276731112801,-0.02676344855499164,0.8676921158951835,-0.026566701805861757,0.8676921158951835,-0.026566701805861757,0.0021649459332714685,-0.9833435260851034,-0.18175673221786182,0.18175673221786176,-0.9833435260851034,-6.964795182611938,0.10132252301158606,0.0,0,0
119,0.8666276731112801,-0.02676344855499164,0.8644843137107059,-0.02715858467406763,0.865555993410993,-0.026961016614529636,0.865555993410993,-0.026961016614529636,0.002179477476971995,-0.9834281029377838,-0.18129855584695534,0.18129855584695526,-0.9834281029377839,-6.975933912289857,0.09844573201640217,0.0,0,0
120,0.8644843137107059,-0.02715858467406763,0.8623265650935233,-0.027555329450294437,0.8634054394021147,-0.027356957062181032,0.8634054394021147,-0.027356957062181032,0.002193920124438543,-0.9835128422165063,-0.18083829570975762,0.18083829570975757,-0.9835128422165063,-6.986887384711931,0.09561230417223143,0.0,0,0
121,0.8623265650935233,-0.027555329450294437,0.8601545124439535,-0.02795364888503317,0.8612405387687384,-0.027754489167663803,0.8612405387687384,-0.027754489167663803,0.0022082733265142043,-0.9835977383282072,-0.1803759661253008,0.18037596612530116,-0.9835977383282071,-6.997665953095985,0.09281978065219043,0.0,0,0
122,0.8601545124439535,-0.02795364888503317,0.8579682415109156,-0.02835350894618103,0.8590613769774345,-0.0281535789156071,0.8590613769774345,-0.0281535789156071,0.00222253653764064,-0.9836827858671681,-0.1799115804738739,0.1799115804738734,-0.9836827858671682,-7.008279004185284,0.09006593351997849,0.0,0,0
123,0.8579682415109156,-0.02835350894618103,0.8557678386046427,-0.028754875569569995,0.8568680400577791,-0.02855419225787551,0.8568680400577791,-0.02855419225787551,0.0022367092158581538,-0.9837679796158286,-0.17944515118160945,0.17944515118160984,-0.9837679796158285,-7.018735077848417,0.08734873715014957,0.0,0,0
124,0.8557678386046427,-0.028754875569569995,0.8535533905932737,-0.029157714660253853,0.8546606145989581,-0.028956295114911924,0.8546606145989581,-0.028956295114911924,0.002250790822808476,-0.9838533145456018,-0.1789766897046463,0.1789766897046458,-0.9838533145456019,-7.0290419690746555,0.08466634384078697,0.0,0,0
125,0.8535533905932737,-0.029157714660253853,0.8513249848994245,-0.02956199209368618,0.8524391877463491,-0.029359853376970016,0.8524391877463491,-0.029359853376970016,0.002264780823735956,-0.9839387858173566,-0.17850620651469237,0.17850620651469187,-0.9839387858173567,-7.0392068153402825,0.08201706291274258,0.0,0,0
126,0.8513249848994245,-0.02956199209368618,0.8490827094967364,-0.029967673716787806,0.8502038471980804,-0.029764832905236994,0.8502038471980804,-0.029764832905236994,0.002278678687490361,-0.9840243887819579,-0.17803371108386812,0.1780337110838685,-0.9840243887819577,-7.049236171752604,0.07939934272412119,0.0,0,0
127,0.8490827094967364,-0.029967673716787806,0.8468266529064026,-0.0303747253489054,0.8479546812015695,-0.030171199532846603,0.8479546812015695,-0.030171199532846603,0.0022924838865296553,-0.9841101189805916,-0.1775592118703106,0.17755921187031054,-0.9841101189805916,-7.059136075933442,0.07681175513389993,0.0,0,0
128,0.8468266529064026,-0.0303747253489054,0.8445569041936742,-0.030783112782661496,0.8456917785500384,-0.030578919065783448,0.8456917785500384,-0.030578919065783448,0.0023061958969224257,-0.9841959721449826,-0.17708271630397115,0.1770827163039711,-0.9841959721449826,-7.068912104251902,0.0742529820318566,0.0,0,0
129,0.8445569041936742,-0.030783112782661496,0.8422735529643444,-0.031192801784697247,0.8434152285790093,-0.03098795728367937,0.8434152285790093,-0.03098795728367937,0.0023198141983510907,-0.9842819441974574,-0.1766042307728591,0.1766042307728586,-0.9842819441974575,-7.07856942073129,0.07172180361949687,0.0,0,0
130,0.8422735529643444,-0.031192801784697247,0.8399766893612096,-0.03160375809630828,0.841125121162777,-0.03139827994050277,0.841125121162777,-0.03139827994050277,0.0023333382741167383,-0.9843680312509344,-0.17612376060929233,0.17612376060929183,-0.9843680312509345,-7.0881128197262795,0.06921708818095329,0.0,0,0
131,0.8399766893612096,-0.03160375809630828,0.8376664040605122,-0.03201594743397465,0.8388215467108608,-0.031809852765141464,0.8388215467108608,-0.031809852765141464,0.0023467676111418602,-0.9844542296087533,-0.1756413100766331,0.1756413100766326,-0.9844542296087534,-7.097546763282035,0.06673778312656098,0.0,0,0
132,0.8376664040605122,-0.03201594743397465,0.83534278826836,-0.03242933548978658,0.8365045961644361,-0.03222264146188061,0.8365045961644361,-0.03222264146188061,0.002360101699975495,-0.9845405357643529,-0.17515688235647814,0.17515688235647764,-0.9845405357643529,-7.10687541393728,0.06428290712737583,0.0,0,0
133,0.83534278826836,-0.03242933548978658,0.8330059337171258,-0.0328438879317662,0.8341743609927429,-0.03263661171077639,0.8341743609927429,-0.03263661171077639,0.002373340034797975,-0.9846269464008904,-0.1746704795357762,0.17467047953577614,-0.9846269464008904,-7.1161026636103974,0.06185154318809982,0.0,0,0
134,0.8330059337171258,-0.0328438879317662,0.830655932661826,-0.0332595704040877,0.831830933189476,-0.03305172916792695,0.831830933189476,-0.03305172916792695,0.002386482113426694,-0.9847134583906431,-0.17418210259478228,0.17418210259478223,-0.9847134583906431,-7.12523215910523,0.05944283253028659,0.0,0,0
135,0.830655932661826,-0.0332595704040877,0.8282928778764783,-0.033676348527195685,0.8294744052691522,-0.0334679594656417,0.8294744052691522,-0.0334679594656417,0.002399527437320963,-0.9848000687943883,-0.17369175139472792,0.1736917513947283,-0.9848000687943883,-7.134267324691648,0.057055969177074006,0.0,0,0
136,0.8282928778764783,-0.033676348527195685,0.8259168626504394,-0.03409418789782511,0.8271048702634589,-0.033885268212510394,0.8271048702634589,-0.033885268212510394,0.0024124755115890336,-0.9848867748605252,-0.17319942466657656,0.1731994246665761,-0.9848867748605253,-7.1432113821468715,0.054690195147157894,0.0,0,0
137,0.8259168626504394,-0.03409418789782511,0.8235279807847222,-0.034513054088922156,0.8247224217175808,-0.03430362099337363,0.8247224217175808,-0.03430362099337363,0.0024253258449941344,-0.9849735740242159,-0.1727051199992704,0.17270511999927032,-0.9849735740242159,-7.152067368585202,0.05234479617963095,0.0,0,0
138,0.8235279807847222,-0.034513054088922156,0.8211263265882922,-0.03493291264946986,0.8223271536865072,-0.034722983369196006,0.8223271536865072,-0.034722983369196006,0.0024380779499628574,-0.9850604639062511,-0.1722088338291658,0.17220883382916574,-0.9850604639062511,-7.160838152356423,0.05001909792262116,0.0,0,0
139,0.8211263265882922,-0.03493291264946986,0.8187119948743449,-0.03535372910421796,0.8199191607313185,-0.03514332087684391,0.8199191607313185,-0.03514332087684391,0.0024507313425911554,-0.9851474423119214,-0.17171056142905,0.1717105614290495,-0.9851474423119214,-7.169526447253425,0.047712462528109234,0.0,0,0
140,0.8187119948743449,-0.03535372910421796,0.8162850809565623,-0.03577546895332067,0.8174985379154536,-0.035564599028769316,0.8174985379154536,-0.035564599028769316,0.002463285542653973,-0.9852345072296479,-0.17121029689815062,0.17121029689815057,-0.9852345072296479,-7.178134825235173,0.04542428560355838,0.0,0,0
141,0.8162850809565623,-0.03577546895332067,0.8138456806453502,-0.036198097671882784,0.8150653808009563,-0.03598678331260173,0.8150653808009563,-0.03598678331260173,0.0024757400736133096,-0.9853216568295736,-0.17070803315199884,0.17070803315199878,-0.9853216568295736,-7.186665727842893,0.043153993477718755,0.0,0,0
142,0.8138456806453502,-0.036198097671882784,0.8113938902440562,-0.03662158070941678,0.8126197854447033,-0.03640983919064979,0.8126197854447033,-0.03640983919064979,0.002488094462627318,-0.98540888946197,-0.17020376191296963,0.17020376191296957,-0.98540888946197,-7.19512147646303,0.04090104074379641,0.0,0,0
143,0.8113938902440562,-0.03662158070941678,0.8089298065451673,-0.037045883489212915,0.8101618483946118,-0.03683373209931485,0.8101618483946118,-0.03683373209931485,0.00250034824056019,-0.985496203655526,-0.16969747370113072,0.16969747370113067,-0.985496203655526,-7.203504281571448,0.03866490804769851,0.0,0,0
144,0.8089298065451673,-0.037045883489212915,0.8064535268264883,-0.03747097140762397,0.8076916666858278,-0.03725842744841844,0.8076916666858278,-0.03725842744841844,0.0025125009419938817,-0.985583598115547,-0.16918915782523433,0.16918915782523383,-0.9855835981155471,-7.211816251072452,0.036445100094152805,0.0,0,0
145,0.8064535268264883,-0.03747097140762397,0.8039651488473027,-0.03789680983326721,0.8052093378368955,-0.03768389062044559,0.8052093378368955,-0.03768389062044559,0.0025245521052356763,-0.9856710717219492,-0.1686788023745251,0.168678802374525,-0.9856710717219492,-7.220059397836199,0.03424114384577892,0.0,0,0
146,0.8039651488473027,-0.03789680983326721,0.8014647708445124,-0.03832336410614536,0.8027149598459076,-0.03811008696970629,0.8027149598459076,-0.03811008696970629,0.0025365012723333026,-0.985758623527232,-0.16816639421030882,0.16816639421030877,-0.985758623527232,-7.228235646520412,0.03205258689452384,0.0,0,0
147,0.8014647708445124,-0.03832336410614536,0.7989524915287595,-0.03875059953668942,0.8002086311866359,-0.03853698182141739,0.8002086311866359,-0.03853698182141739,0.0025483479890847276,-0.9858462527542198,-0.16765191895848688,0.16765191895848727,-0.9858462527542197,-7.236346839754352,0.02987899598672883,0.0,0,0
148,0.7989524915287595,-0.03875059953668942,0.7964284100805297,-0.0391784814047255,0.7976904508046445,-0.03896454047070746,0.7976904508046445,-0.03896454047070746,0.002560091805051506,-0.9859339587937225,-0.16713536100220805,0.167135361002208,-0.9859339587937225,-7.244394743753723,0.027719955685284514,0.0,0,0
149,0.7964284100805297,-0.0391784814047255,0.7938926261462365,-0.039606974958367666,0.7951605181133831,-0.039392728181546585,0.7951605181133831,-0.039392728181546585,0.0025717322735721256,-0.9860217412020958,-0.16661670347473334,0.16661670347473373,-0.9860217412020957,-7.252381053424377,0.025575067155020226,0.0,0,0
150,0.7938926261462365,-0.039606974958367666,0.791345239834288,-0.04003604541283966,0.7926189329902622,-0.03982151018560366,0.7926189329902622,-0.03982151018560366,0.0025832689517747507,-0.9861095996986333,-0.16609592825292632,0.16609592825292582,-0.9861095996986333,-7.260307397007661,0.0234439470586032,0.0,0,0
151,0.791345239834288,-0.04003604541283966,0.7887863517111339,-0.04046565794922881,0.7900657957727109,-0.04025085168103423,0.7900657957727109,-0.04025085168103423,0.0025947014005934725,-0.986197534162813,-0.16557301595123347,0.16557301595123342,-0.986197534162813,-7.268175340315118,0.02132622655144245,0.0,0,0
152,0.7887863517111339,-0.04046565794922881,0.7862160627972955,-0.04089577771317318,0.7875012072542147,-0.040680717831200995,0.7875012072542147,-0.040680717831200995,0.0026060291847820874,-0.9862855446314943,-0.16504794591559352,0.16504794591559388,-0.9862855446314942,-7.275986390591587,0.019221550366252504,0.0,0,0
153,0.7862160627972955,-0.04089577771317318,0.7836344745633783,-0.04132636981348607,0.784925268680337,-0.04111107376332963,0.784925268680337,-0.04111107376332963,0.0026172518729292234,-0.9863736312958976,-0.164520696218271,0.16452069621827095,-0.9863736312958976,-7.283742000044776,0.017129575978068634,0.0,0,0
154,0.7836344745633783,-0.04132636981348607,0.7810416889260654,-0.04175739932071974,0.7823380817447219,-0.04154188456710291,0.7823380817447219,-0.04154188456710291,0.002628369037475944,-0.9864617944985367,-0.1639912436526013,0.16399124365260168,-0.9864617944985365,-7.29144356907199,0.015049972842376302,0.0,0,0
155,0.7810416889260654,-0.04175739932071974,0.778437808244094,-0.042188831265671856,0.7797397485850797,-0.0419731152931958,0.7797397485850797,-0.0419731152931958,0.0026393802547319428,-0.9865500347299608,-0.16345956372850437,0.16345956372850476,-0.9865500347299608,-7.299092449213651,0.012982421699191726,0.0,0,0
156,0.778437808244094,-0.042188831265671856,0.7758229353142151,-0.04262063063783677,0.7771303717791546,-0.042404730951754316,0.7771303717791546,-0.042404730951754316,0.002650285104892622,-0.9866383526254189,-0.16292563066810423,0.16292563066810414,-0.986638352625419,-7.306689945859075,0.010926613936972474,0.0,0,0
157,0.7758229353142151,-0.04262063063783677,0.7731971733671346,-0.04305276238380569,0.7745100543406749,-0.042836696510821226,0.7745100543406749,-0.042836696510821226,0.0026610831720580027,-0.9867267489613424,-0.1623894174020584,0.16238941740205834,-0.9867267489613424,-7.314237320727921,0.008882251010694953,0.0,0,0
158,0.7731971733671346,-0.04305276238380569,0.7705606260634379,-0.0434851914056178,0.7718788997152862,-0.04326897689471175,0.7718788997152862,-0.04326897689471175,0.002671774044251413,-0.9868152246517483,-0.16185089556601004,0.16185089556600996,-0.9868152246517483,-7.321735794147396,0.006849043909279318,0.0,0,0
159,0.7705606260634379,-0.0434851914056178,0.7679133974894983,-0.043917882559064626,0.7692370117764681,-0.043701536982341214,0.7692370117764681,-0.043701536982341214,0.0026823573134378527,-0.9869037807445533,-0.161310035497196,0.1613100354971955,-0.9869037807445534,-7.32918654714097,0.004826712668641764,0.0,0,0
160,0.7679133974894983,-0.043917882559064626,0.7652555921533671,-0.04435080065195359,0.7665844948214326,-0.04413434160550911,0.7665844948214326,-0.04413434160550911,0.0026928325755452677,-0.9869924184176067,-0.16076680623239406,0.160766806232394,-0.9869924184176067,-7.33659072335054,0.0028149859249254616,0.0,0,0
161,0.7652555921533671,-0.04435080065195359,0.7625873149806479,-0.04478391044233088,0.7639214535670076,-0.04456735554714224,0.7639214535670076,-0.04456735554714224,0.0027031994304851353,-0.9870811389747728,-0.16022117550519116,0.16022117550519066,-0.9870811389747729,-7.343949430802654,0.0008136005054775186,0.0,0,0
162,0.7625873149806479,-0.04478391044233088,0.7599086713103548,-0.04521717663666761,0.7612479931455014,-0.04500054353949925,0.7612479931455014,-0.04500054353949925,0.0027134574821722395,-0.9871699438418197,-0.15967310974405985,0.15967310974405935,-0.9871699438418198,-7.351263743532226,-0.001177698945667327,0.0,0,0
163,0.7599086713103548,-0.04521717663666761,0.7572197668907532,-0.045650563888014174,0.7585642191005539,-0.04543387026234089,0.7585642191005539,-0.04543387026234089,0.0027236063385486847,-0.9872588345621166,-0.1591225740712215,0.15912257407122143,-0.9872588345621166,-7.358534703077998,-0.003159160311297482,0.0,0,0
164,0.7572197668907532,-0.045650563888014174,0.7545207078751857,-0.04608403679412328,0.7558702373829694,-0.04586730034106873,0.7558702373829694,-0.04586730034106873,0.002733645611604978,-0.9873478127923391,-0.15856953230108267,0.15856953230108217,-0.9873478127923392,-7.3657633198579875,-0.0051310243154403246,0.0,0,0
165,0.7545207078751857,-0.04608403679412328,0.7518116008178803,-0.04651755989554806,0.753166154346533,-0.04630079834483567,0.753166154346533,-0.04630079834483567,0.002743574917404375,-0.9874368802978895,-0.1580139469400458,0.1580139469400453,-0.9874368802978895,-7.372950574438232,-0.0070935248119976535,0.0,0,0
166,0.7518116008178803,-0.04651755989554806,0.7490925526697454,-0.046951097673715046,0.7504520767438129,-0.04673432878463155,0.7504520767438129,-0.04673432878463155,0.0027533938761052823,-0.9875260389483708,-0.1574557791855888,0.15745577918558876,-0.9875260389483708,-7.380097418698842,-0.009046889048412554,0.0,0,0
167,0.7490925526697454,-0.046951097673715046,0.7463636707741457,-0.04738461454897925,0.7477281117219455,-0.04716785611134715,0.7477281117219455,-0.04716785611134715,0.0027631021119876786,-0.987615290712749,-0.1568949889269007,0.1568949889269002,-0.9876152907127491,-7.387204776909916,-0.010991337907543697,0.0,0,0
168,0.7463636707741457,-0.04738461454897925,0.7436250628626663,-0.047818074878661306,0.744994366818406,-0.04760134471382028,0.744994366818406,-0.04760134471382028,0.0027726992534758644,-0.9877046376545414,-0.15633153474494862,0.15633153474494857,-0.9877046376545414,-7.394273546722245,-0.012927086128851073,0.0,0,0
169,0.7436250628626663,-0.047818074878661306,0.7408768370508577,-0.04825144295507271,0.742250949956762,-0.04803475891686701,0.742250949956762,-0.04803475891686701,0.0027821849331673342,-0.987794081926784,-0.15576537391353032,0.15576537391352982,-0.9877940819267841,-7.4013046000801275,-0.014854342510683738,0.0,0,0
170,0.7408768370508577,-0.04825144295507271,0.7381191018339697,-0.048684683003530536,0.7394979694424137,-0.04846806297930162,0.7394979694424137,-0.04846806297930162,0.002791558787855327,-0.9878836257669263,-0.15519646240037607,0.15519646240037557,-0.9878836257669265,-7.4082987840616195,-0.016773310094932325,0.0,0,0
171,0.7381191018339697,-0.048684683003530536,0.7353519660826663,-0.04911775918036691,0.7367355339583179,-0.04890122109194872,0.7367355339583179,-0.04890122109194872,0.002800820458559341,-0.9879732714915674,-0.15462475486884214,0.15462475486884208,-0.9879732714915674,-7.415256921653316,-0.018684186335801822,0.0,0,0
172,0.7353519660826663,-0.04911775918036691,0.7325755390387292,-0.04955063557093541,0.7339637525606977,-0.04933419737565116,0.7339637525606977,-0.04933419737565116,0.0028099695905502123,-0.9880630214910824,-0.15405020467988007,0.15405020467987957,-0.9880630214910824,-7.422179812462436,-0.02058716325330545,0.0,0,0
173,0.7325755390387292,-0.04955063557093541,0.7297899303107439,-0.04998327618761906,0.7311827346747366,-0.049766955879277236,0.7311827346747366,-0.049766955879277236,0.002819005833380301,-0.9881528782241021,-0.15347276389451878,0.15347276389451872,-0.9881528782241021,-7.42906823337396,-0.022482427573447428,0.0,0,0
174,0.7297899303107439,-0.04998327618761906,0.7269952498697734,-0.05041564496784165,0.7283925900902586,-0.05019946057773035,0.7283925900902586,-0.05019946057773035,0.0028279288409106787,-0.9882428442119356,-0.15289238327628982,0.15289238327628976,-0.9882428442119356,-7.435922939153079,-0.024370160855032186,0.0,0,0
175,0.7269952498697734,-0.05041564496784165,0.724191608045016,-0.05084770577208864,0.7255934289573946,-0.05063167536996514,0.7255934289573946,-0.05063167536996514,0.0028367382713417946,-0.9883329220327407,-0.1523090122948229,0.1523090122948224,-0.9883329220327408,-7.442744662999768,-0.0262505396048327,0.0,0,0
176,0.724191608045016,-0.05084770577208864,0.7213791155194509,-0.051279422381938375,0.7227853617822335,-0.05106356407701351,0.7227853617822335,-0.05106356407701351,0.002845433787242283,-0.9884231143157043,-0.15172259912895006,0.15172259912895,-0.9884231143157044,-7.449534117058632,-0.028123735381871517,0.0,0,0
177,0.7213791155194509,-0.051279422381938375,0.7185578833254666,-0.051710758498109556,0.7199684994224587,-0.05149509044002397,0.7199684994224587,-0.05149509044002397,0.002854015055581751,-0.9885134237349938,-0.15113309067084052,0.15113309067084044,-0.9885134237349938,-7.456291992886507,-0.029989914891384917,0.0,0,0
178,0.7185578833254666,-0.051710758498109556,0.7157280228404795,-0.052141677738526224,0.717142953082973,-0.05192621811831789,0.717142953082973,-0.05192621811831789,0.002862481747758788,-0.9886038530036683,-0.15054043252994007,0.15054043252994,-0.9886038530036683,-7.463018961879438,-0.031849240068813955,0.0,0,0
179,0.7157280228404795,-0.052141677738526224,0.7128896457825363,-0.05257214363640653,0.7143088343115079,-0.05235691068746638,0.7143088343115079,-0.05235691068746638,0.002870833539635527,-0.9886944048673618,-0.1499445690379386,0.14994456903793854,-0.9886944048673619,-7.46971567566607,-0.03370186815566889,0.0,0,0
180,0.7128896457825363,-0.05257214363640653,0.7100428642059031,-0.05300211963837647,0.7114662549942197,-0.0527871316373915,0.7114662549942197,-0.0527871316373915,0.002879070111568715,-0.9887850820979431,-0.14934544325343155,0.14934544325343194,-0.988785082097943,-7.476382766465685,-0.035547951766689456,0.0,0,0
181,0.7100428642059031,-0.05300211963837647,0.707187790496642,-0.0534315691026131,0.7086153273512725,-0.05321684437049479,0.7086153273512725,-0.05321684437049479,0.002887191148442886,-0.9888758874870038,-0.14874299696722065,0.1487429969672206,-0.9888758874870038,-7.483020847414127,-0.03738763894911634,0.0,0,0
182,0.707187790496642,-0.0534315691026131,0.7043245373681745,-0.05386045529702173,0.7057561639324083,-0.05364601219981741,0.7057561639324083,-0.05364601219981741,0.0028951963397037,-0.9889668238391773,-0.148137170708265,0.14813717070826538,-0.9889668238391772,-7.489630512862417,-0.03922107323532886,0.0,0,0
183,0.7043245373681745,-0.05386045529702173,0.7014532178568313,-0.05428874139744865,0.7028888776125028,-0.05407459834723519,0.7028888776125028,-0.05407459834723519,0.002903085379391826,-0.9890578939654325,-0.1475279037493019,0.14752790374930183,-0.9890578939654325,-7.49621233864665,-0.0410483936883792,0.0,0,0
184,0.7014532178568313,-0.05428874139744865,0.6985739453173904,-0.054716390485934935,0.7000135815871109,-0.0545025659416918,0.7000135815871109,-0.0545025659416918,0.002910857966178023,-0.9891491006761436,-0.14691513411346144,0.14691513411346138,-0.9891491006761436,-7.502766882332335,-0.04286973494124613,0.0,0,0
185,0.6985739453173904,-0.054716390485934935,0.6956868334186013,-0.05514336554901355,0.6971303893679959,-0.054929878017474246,0.6971303893679959,-0.054929878017474246,0.0029185138033972994,-0.9892404467740913,-0.14629879858083697,0.14629879858083691,-0.9892404467740913,-7.50929468343626,-0.04468522723059043,0.0,0,0
186,0.6956868334186013,-0.05514336554901355,0.6927919961386982,-0.055569629476053824,0.6942394147786497,-0.05535649751253369,0.6942394147786497,-0.05535649751253369,0.0029260525990850135,-0.9893319350473242,-0.1456788326954779,0.14567883269547782,-0.9893319350473242,-7.515796263624565,-0.04649499642459465,0.0,0,0
187,0.6927919961386982,-0.055569629476053824,0.6898895477609006,-0.055995145057656744,0.6913407719497995,-0.055782387266855284,0.6913407719497995,-0.055782387266855284,0.0029334740660123377,-0.9894235682618854,-0.14505517077277244,0.14505517077277238,-0.9894235682618854,-7.522272126890692,-0.04829916404585588,0.0,0,0
188,0.6898895477609006,-0.055995145057656744,0.6869796028689003,-0.05641987498410482,0.6884345753149004,-0.056207510020880785,0.6884345753149004,-0.056207510020880785,0.0029407779217240425,-0.989515349154415,-0.14442774590713625,0.1444277459071362,-0.989515349154415,-7.528722759715018,-0.05009784728977551,0.0,0,0
189,0.6869796028689003,-0.05641987498410482,0.684062276342339,-0.056843781843869165,0.6855209396056197,-0.05663182841398699,0.6855209396056197,-0.05663182841398699,0.002947963888573509,-0.9896072804246454,-0.14379648997989197,0.1437964899798919,-0.9896072804246454,-7.535148631204181,-0.05189115903785613,0.0,0,0
190,0.684062276342339,-0.056843781843869165,0.6811376833522729,-0.05726682812217824,0.6825999798473059,-0.057055304983023705,0.6825999798473059,-0.057055304983023705,0.0029550316937614835,-0.9896993647277437,-0.1431613336676512,0.14316133366765116,-0.9896993647277437,-7.541550193215691,-0.053679207867413314,0.0,0,0
191,0.6811376833522729,-0.05726682812217824,0.6782059393566254,-0.057688976199651,0.6796718113544491,-0.05747790216091462,0.6796718113544491,-0.05747790216091462,0.002961981069373801,-0.9897916046665506,-0.14252220645083608,0.14252220645083558,-0.9897916046665507,-7.547927880464758,-0.05546209805680591,0.0,0,0
192,0.6782059393566254,-0.057688976199651,0.6752671600956295,-0.058110188350998286,0.6767365497261275,-0.05789958227532464,0.6767365497261275,-0.05789958227532464,0.002968811752419225,-0.9898840027836718,-0.14187903662266502,0.14187903662266493,-0.9898840027836718,-7.554282110617577,-0.057239929587338256,0.0,0,0
193,0.6752671600956295,-0.058110188350998286,0.6723214615872586,-0.05853042674379515,0.673794310841444,-0.05832030754739671,0.673794310841444,-0.05832030754739671,0.002975523484867666,-0.9899765615534725,-0.14123175129822554,0.14123175129822546,-0.9899765615534725,-7.560613284370451,-0.05901279814161464,0.0,0,0
194,0.6723214615872586,-0.05853042674379515,0.6693689601226457,-0.05894965343732834,0.6708452108549521,-0.058740040090561746,0.6708452108549521,-0.058740040090561746,0.002982116013690965,-0.9900692833739185,-0.14058027642402574,0.14058027642402568,-0.9900692833739185,-7.566921785514907,-0.060780795098367424,0.0,0,0
195,0.6693689601226457,-0.05894965343732834,0.6664097722614934,-0.059367830381521575,0.6678893661920695,-0.05915874190942495,0.6678893661920695,-0.05915874190942495,0.00298858909089984,-0.9901621705582976,-0.1399245367878011,0.13992453678780103,-0.9901621705582977,-7.573207980992197,-0.0625440075246666,0.0,0,0
196,0.6664097722614934,-0.059367830381521575,0.6634440148274713,-0.059784919415941745,0.6649268935444823,-0.05957637489873166,0.6649268935444823,-0.05957637489873166,0.00299494247358631,-0.99025522532685,-0.13926445602834042,0.13926445602834034,-0.99025522532685,-7.579472220934905,-0.06430251816485555,0.0,0,0
197,0.6634440148274713,-0.059784919415941745,0.6604718049036048,-0.06020088226888995,0.661957909865538,-0.05999290084241585,0.661957909865538,-0.05999290084241585,0.0030011759239610123,-0.9903484497982059,-0.13859995664606248,0.13859995664606242,-0.9903484497982059,-7.5857148386986255,-0.06605640542700697,0.0,0,0
198,0.6604718049036048,-0.06020088226888995,0.6574932598276524,-0.06061568055657983,0.6589825323656286,-0.06040828141273489,0.6589825323656286,-0.06040828141273489,0.0030072892093961972,-0.9904418459807668,-0.13793096001337432,0.13793096001337427,-0.9904418459807668,-7.591936150883624,-0.0678057433668513,0.0,0,0
199,0.6574932598276524,-0.06061568055657983,0.6545084971874737,-0.06102927578240647,0.6560008785075631,-0.06082247816949315,0.6560008785075631,-0.06082247816949315,0.0030132821024645012,-0.9905354157639228,-0.1372573863855515,0.1372573863855514,-0.9905354157639228,-7.598136457346611,-0.0695506016691958,0.0,0,0
200,0.6545084971874737,-0.06102927578240647,0.651517634816387,-0.061441629336309096,0.6530130660019304,-0.06123545255935778,0.6530130660019304,-0.06123545255935778,0.0030191543809812847,-0.9906291609091585,-0.13657915491178213,0.13657915491178252,-0.9906291609091584,-7.6043160412035125,-0.07129104562705768,0.0,0,0
201,0.651517634816387,-0.061441629336309096,0.6485207907885175,-0.061852702494230645,0.6500192128024522,-0.06164716591526987,0.6500192128024522,-0.06164716591526987,0.003024905828044996,-0.9907230830410185,-0.13589618364655862,0.13589618364655856,-0.9907230830410185,-7.61047516882519,-0.07302713611903444,0.0,0,0
202,0.6485207907885175,-0.061852702494230645,0.6455180834141359,-0.06226245641767671,0.6470194371013267,-0.06205757945595368,0.6470194371013267,-0.06205757945595368,0.0030305362320793335,-0.990817183637975,-0.1352083895611187,0.13520838956111864,-0.9908171836379751,-7.616614089824049,-0.07475892958432317,0.0,0,0
203,0.6455180834141359,-0.06226245641767671,0.642509631234988,-0.06267085215337663,0.644013857324562,-0.06246665428552667,0.644013857324562,-0.06246665428552667,0.003036045386873694,-0.9909114640231698,-0.1345156885551215,0.1345156885551219,-0.9909114640231697,-7.622733037033736,-0.07648647799598218,0.0,0,0
204,0.642509631234988,-0.06267085215337663,0.6394955530196147,-0.0630778506330511,0.6410025921273014,-0.06287435139321387,0.6410025921273014,-0.06287435139321387,0.0030414330916273004,-0.991005925354977,-0.13381799546894171,0.1338179954689421,-0.991005925354977,-7.628832226482611,-0.07820982883261562,0.0,0,0
205,0.6394955530196147,-0.0630778506330511,0.6364759677586627,-0.06348341267328657,0.6379857603891387,-0.06328063165316883,0.6379857603891387,-0.06328063165316883,0.0030466991509892614,-0.9911005686175386,-0.13311522409548687,0.13311522409548682,-0.9911005686175386,-7.634911857360295,-0.07992902504826938,0.0,0,0
206,0.6364759677586627,-0.06348341267328657,0.6334509946601878,-0.063887498975521,0.6349634812094253,-0.06368545582440378,0.6349634812094253,-0.06368545582440378,0.0030518433751013305,-0.991195394611097,-0.13240728719278133,0.13240728719278128,-0.9911953946110971,-7.640972111977947,-0.08164410504070485,0.0,0,0
207,0.6334509946601878,-0.063887498975521,0.6304207531449484,-0.06429007012614325,0.6319358739025681,-0.06408878455083213,0.6319358739025681,-0.06408878455083213,0.0030568655796410172,-0.9912904039422328,-0.13169409649655925,0.13169409649655964,-0.9912904039422327,-7.64701315572376,-0.08335510261846668,0.0,0,0
208,0.6304207531449484,-0.06429007012614325,0.6273853628416911,-0.06469108659670793,0.6289030579933197,-0.06449057836142559,0.6289030579933197,-0.06449057836142559,0.003061765585862586,-0.9913855970139934,-0.13097556273293084,0.1309755627329308,-0.9913855970139934,-7.6530351370125915,-0.08506204696641051,0.0,0,0
209,0.6273853628416911,-0.06469108659670793,0.6243449435824274,-0.06509050874426926,0.6258651532120593,-0.0648907976704886,0.6258651532120593,-0.0648907976704886,0.003066543220641775,-0.9914809740158742,-0.13025159563142968,0.13025159563142963,-0.9914809740158742,-7.659038187230881,-0.08676496261002797,0.0,0,0
210,0.6243449435824274,-0.06509050874426926,0.6212996153977037,-0.06548829681183528,0.6228222794900655,-0.06528940277805227,0.6228222794900655,-0.06528940277805227,0.003071198316515952,-0.9915765349137058,-0.12952210393800911,0.12952210393800903,-0.9915765349137058,-7.665022420677237,-0.08846386937864836,0.0,0,0
211,0.6212996153977037,-0.06548829681183528,0.6182494985118623,-0.06588441092894555,0.619774556954783,-0.06568635387039042,0.619774556954783,-0.06568635387039042,0.0030757307117283816,-0.9916722794393984,-0.12878699542837269,0.12878699542837307,-0.9916722794393984,-7.67098793449779,-0.09015878236725938,0.0,0,0
212,0.6182494985118623,-0.06588441092894555,0.6151947133382953,-0.0662788111123745,0.6167221059250788,-0.06608161102066003,0.6167221059250788,-0.06608161102066003,0.0030801402502699795,-0.9917682070805659,-0.12804617692145204,0.12804617692145154,-0.9917682070805659,-7.6769348086191505,-0.09184971189774571,0.0,0,0
213,0.6151947133382953,-0.0662788111123745,0.6121353804746906,-0.0666714572669621,0.613665046906493,-0.0664751341896683,0.613665046906493,-0.0664751341896683,0.0030844267819230588,-0.9918643170700586,-0.12729955429280246,0.12729955429280282,-0.9918643170700586,-7.68286310567606,-0.09353666347870937,0.0,0,0
214,0.6121353804746906,-0.0666714572669621,0.6090716206982713,-0.06706230918657438,0.6106035005864809,-0.06686688322676823,0.6106035005864809,-0.06686688322676823,0.003088590162302194,-0.9919606083753394,-0.12654703248842492,0.12654703248842486,-0.9919606083753394,-7.688772870936461,-0.09521963776463971,0.0,0,0
215,0.6090716206982713,-0.06706230918657438,0.6060035549610273,-0.06745132655519602,0.6075375878296493,-0.0672568178708852,0.6075375878296493,-0.0672568178708852,0.00309263025289793,-0.9920570796877608,-0.12578851553854875,0.12578851553854914,-0.9920570796877608,-7.694664132222984,-0.09689863051414438,0.0,0,0
216,0.6060035549610273,-0.06745132655519602,0.6029313043849407,-0.0678384689481562,0.604467429672984,-0.06764489775167612,0.604467429672984,-0.06764489775167612,0.003096546921118993,-0.9921537294117307,-0.12502390657147966,0.12502390657148005,-0.9921537294117307,-7.7005368998316355,-0.09857363254745666,0.0,0,0
217,0.6029313043849407,-0.0678384689481562,0.5998549902572036,-0.0682236958334904,0.6013931473210721,-0.06803108239082331,0.6013931473210721,-0.06803108239082331,0.003100340040334173,-0.9922505556537403,-0.12425310782770597,0.12425310782770635,-0.9922505556537403,-7.706391166447251,-0.10024462970309589,0.0,0,0
218,0.5998549902572036,-0.0682236958334904,0.5967747340254301,-0.06860696657343934,0.5983148621413168,-0.06841533120346488,0.5983148621413168,-0.06841533120346488,0.0031040094899146336,-0.9923475562112893,-0.12347602067398346,0.12347602067398339,-0.9923475562112893,-7.712226907056981,-0.1019116027940341,0.0,0,0
219,0.5967747340254301,-0.06860696657343934,0.5936906572928623,-0.06898824042608684,0.5952326956591463,-0.06879760349976309,0.5952326956591463,-0.06879760349976309,0.0031075551552754346,-0.992444728561697,-0.12269254561748906,0.12269254561748856,-0.9924447285616971,-7.718044078860613,-0.10357452756302599,0.0,0,0
220,0.5936906572928623,-0.06898824042608684,0.5906028818135688,-0.06936747654713847,0.5921467695532155,-0.06917785848661265,0.5921467695532155,-0.06917785848661265,0.003110976927917747,-0.9925420698507822,-0.12190258232016653,0.12190258232016646,-0.9925420698507822,-7.72384262117949,-0.10523337463760818,0.0,0,0
221,0.5906028818135688,-0.06936747654713847,0.5875115294876381,-0.06974463399184212,0.5890572056506034,-0.0695560552694903,0.5890572056506034,-0.0695560552694903,0.0031142747054703846,-0.992639576881448,-0.12110602961297984,0.12110602961298023,-0.9926395768814479,-7.72962245536234,-0.10688810948427974,0.0,0,0
222,0.5875115294876381,-0.06974463399184212,0.584416722356367,-0.07011967171705193,0.5859641259220025,-0.06993215285444702,0.5859641259220025,-0.06993215285444702,0.003117448391729507,-0.9927372461021355,-0.12030278551034429,0.12030278551034423,-0.9927372461021355,-7.735383484689962,-0.10853869236241809,0.0,0,0
223,0.584416722356367,-0.07011967171705193,0.5813185825974418,-0.07049254858343715,0.5828676524769044,-0.07030611015024454,0.5828676524769044,-0.07030611015024454,0.0031204978967014248,-0.992835073595174,-0.11949274722453014,0.11949274722453053,-0.992835073595174,-7.741125594278182,-0.11018507827777313,0.0,0,0
224,0.5813185825974418,-0.07049254858343715,0.5782172325201154,-0.07086322335783671,0.5797679075587786,-0.07067788597063693,0.5797679075587786,-0.07067788597063693,0.003123423136641774,-0.9929330550650193,-0.11867581118006948,0.11867581118006942,-0.9929330550650193,-7.746848650978386,-0.1118272169353296,0.0,0,0
225,0.5782172325201154,-0.07086322335783671,0.5751127945603786,-0.07123165471576097,0.5766650135402469,-0.07104743903679883,0.5766650135402469,-0.07104743903679883,0.003126224034095563,-0.993031185826367,-0.1178518730283035,0.11785187302830344,-0.993031185826367,-7.752552503277367,-0.11346505269204732,0.0,0,0
226,0.5751127945603786,-0.07123165471576097,0.5720053912761262,-0.07159780124404153,0.5735590929182524,-0.07141472797990125,0.5735590929182524,-0.07141472797990125,0.0031289005179382986,-0.9931294607921712,-0.1170208276617938,0.1170208276617933,-0.9931294607921712,-7.758236981195359,-0.11509852450915004,0.0,0,0
227,0.5720053912761262,-0.07159780124404153,0.568895145342319,-0.07196162144362966,0.5704502683092225,-0.0717797113438356,0.5704502683092225,-0.0717797113438356,0.0031314525234134223,-0.9932278744615448,-0.11618256922878642,0.11618256922878636,-0.9932278744615448,-7.76390189618305,-0.1167275659042053,0.0,0,0
228,0.568895145342319,-0.07196162144362966,0.5657821795461412,-0.07232307373254496,0.56733866244423,-0.07214234758808731,0.56733866244423,-0.07214234758808731,0.003133879992171856,-0.9933264209075382,-0.1153369911477678,0.1153369911477673,-0.9933264209075382,-7.769547041017365,-0.11835210490292192,0.0,0,0
229,0.5657821795461412,-0.07232307373254496,0.5626666167821521,-0.07268211644897353,0.5642243981641466,-0.07250259509075924,0.5642243981641466,-0.07250259509075924,0.003136182872310785,-0.9934250937648489,-0.11448398612164595,0.1144839861216459,-0.9934250937648489,-7.775172189695686,-0.11997206399059235,0.0,0,0
230,0.5626666167821521,-0.07268211644897353,0.5595485800474349,-0.07303870785451845,0.5611075984147935,-0.07286041215174599,0.5611075984147935,-0.07286041215174599,0.0031383611184110953,-0.9935238862173508,-0.11362344615251176,0.11362344615251169,-0.9935238862173508,-7.780777097330173,-0.12158736006364923,0.0,0,0
231,0.5595485800474349,-0.07303870785451845,0.5564281924367408,-0.07339280613760041,0.5579883862420878,-0.07321575699605942,0.5579883862420878,-0.07321575699605942,0.0031404146915741684,-0.9936227909856005,-0.11275526255561522,0.11275526255561559,-0.9936227909856005,-7.786361500040693,-0.12319790438092326,0.0,0,0
232,0.5564281924367408,-0.07339280613760041,0.55330557713763,-0.07374436941701076,0.5548668847871854,-0.07356858777730559,0.5548668847871854,-0.07356858777730559,0.003142343559458587,-0.993721800314176,-0.11187932597380516,0.11187932597380555,-0.9937218003141759,-7.791925114846126,-0.12480360251452893,0.0,0,0
233,0.55330557713763,-0.07374436941701076,0.5501808574256075,-0.07409335574561678,0.5517432172816188,-0.07391886258131378,0.5517432172816188,-0.07391886258131378,0.003144147696317,-0.9938209059589286,-0.11099552639171768,0.11099552639171717,-0.9938209059589286,-7.797467639556366,-0.126404354301072,0.0,0,0
234,0.5501808574256075,-0.07409335574561678,0.5470541566592572,-0.07443972311421912,0.5486175070424324,-0.07426653942991795,0.5486175070424324,-0.07426653942991795,0.003145827083030535,-0.9939200991741239,-0.11010375314992515,0.11010375314992553,-0.9939200991741239,-7.802988752663252,-0.12800005379265667,0.0,0,0
235,0.5470541566592572,-0.07443972311421912,0.5439255982753716,-0.07478342945556118,0.5454898774673144,-0.07461157628489015,0.5454898774673144,-0.07461157628489015,0.0031473817071431907,-0.9940193706995004,-0.1092038949587843,0.10920389495878424,-0.9940193706995004,-7.808488113230397,-0.12959058920771183,0.0,0,0
236,0.5439255982753716,-0.07478342945556118,0.5407953057840788,-0.07512443264849106,0.5423604520297252,-0.07495393105202612,0.5423604520297252,-0.07495393105202612,0.003148811562896797,-0.9941187107471934,-0.10829583991242751,0.10829583991242744,-0.9941187107471934,-7.813965360782494,-0.1311758428817933,0.0,0,0
237,0.5407953057840788,-0.07512443264849106,0.5376634027639664,-0.07546269052227574,0.5392293542740225,-0.07529356158538339,0.5392293542740225,-0.07529356158538339,0.003150116651263279,-0.9942181089885584,-0.10737947550260632,0.10737947550260625,-0.9942181089885584,-7.819420115195304,-0.13275569121873598,0.0,0,0
238,0.5376634027639664,-0.07546269052227574,0.5345300128572029,-0.0757981608610667,0.5360967078105847,-0.07563042569167122,0.5360967078105847,-0.07563042569167122,0.0031512969799775766,-0.994317554540918,-0.10645468863215324,0.10645468863215363,-0.9943175545409179,-7.8248519765839095,-0.13433000464146105,0.0,0,0
239,0.5345300128572029,-0.0757981608610667,0.5313952597646567,-0.07613080140851718,0.5329626363109299,-0.07596448113479193,0.5329626363109299,-0.07596448113479193,0.0031523525635683606,-0.9944170359541715,-0.10552136562857797,0.10552136562857836,-0.9944170359541714,-7.830260525191827,-0.13589864754319536,0.0,0,0
240,0.5313952597646567,-0.07613080140851718,0.5282592672410122,-0.07646056987254997,0.5298272635028345,-0.07629568564053357,0.5298272635028345,-0.07629568564053357,0.003153283423389769,-0.9945165411973376,-0.10457939225719566,0.10457939225719559,-0.9945165411973376,-7.835645321278146,-0.137461478238305,0.0,0,0
241,0.5282592672410122,-0.07646056987254997,0.5251221590898848,-0.07678742393027616,0.5266907131654486,-0.07662399690141306,0.5266907131654486,-0.07662399690141306,0.0031540895876500273,-0.994616057644946,-0.10362865373450296,0.1036286537345029,-0.994616057644946,-7.841005905006028,-0.1390183489137109,0.0,0,0
242,0.5251221590898848,-0.07678742393027616,0.5219840591589325,-0.07711132123306276,0.5235531091244087,-0.07694937258166945,0.5235531091244087,-0.07694937258166945,0.0031547710914415087,-0.9947155720633835,-0.10266903474083942,0.10266903474083935,-0.9947155720633836,-7.846341796330393,-0.14056910558027713,0.0,0,0
243,0.5219840591589325,-0.07711132123306276,0.5188450913349673,-0.07743221941174955,0.5204145752469499,-0.07727177032240615,0.5204145752469499,-0.07727177032240615,0.003155327976767836,-0.994815070597093,-0.10170041943325948,0.10170041943325943,-0.994815070597093,-7.851652494884798,-0.1421135880241824,0.0,0,0
244,0.5188450913349673,-0.07743221941174955,0.5157053795390641,-0.0777500760820133,0.5172752354370157,-0.07759114774688142,0.5172752354370157,-0.07759114774688142,0.0031557602925704445,-0.9949145387546968,-0.10072269145792753,0.10072269145792748,-0.9949145387546968,-7.85693747986892,-0.1436516297587045,0.0,0,0
245,0.5157053795390641,-0.0777500760820133,0.5125650477216687,-0.07806484884987913,0.5141352136303664,-0.07790746246594621,0.5141352136303664,-0.07790746246594621,0.003156068094755929,-0.9950139613950043,-0.09973573396241117,0.0997357339624111,-0.9950139613950043,-7.862196209935413,-0.14518305797606623,0.0,0,0
246,0.5125650477216687,-0.07806484884987913,0.5094242198577041,-0.07837649531737702,0.5109946337896865,-0.07822067208362807,0.5109946337896865,-0.07822067208362807,0.003156251446219053,-0.9951133227129273,-0.09873942960761686,0.09873942960761725,-0.9951133227129272,-7.867428123076494,-0.14670769349947244,0.0,0,0
247,0.5094242198577041,-0.07837649531737702,0.5062830199416763,-0.078684973088343,0.5078536198996902,-0.07853073420286001,0.5078536198996902,-0.07853073420286001,0.0031563104168685872,-0.9952126062252818,-0.09773366057956696,0.09773366057956735,-0.9952126062252818,-7.872632636510888,-0.14822535073553045,0.0,0,0
248,0.5062830199416763,-0.078684973088343,0.5031415719827794,-0.07899023977436287,0.5047122959622279,-0.07883760643135293,0.5047122959622279,-0.07883760643135293,0.003156245083647848,-0.9953117947565021,-0.09671830860075348,0.09671830860075385,-0.9953117947565021,-7.877809146569782,-0.14973583762668374,0.0,0,0
249,0.5031415719827794,-0.07899023977436287,0.49999999999999994,-0.07929225300085736,0.5015707859913897,-0.07914124638761011,0.5015707859913897,-0.07914124638761011,0.0031560555305575025,-0.9954108704242395,-0.0956932549412855,0.09569325494128499,-0.9954108704242396,-7.882957028583146,-0.1512389556040643,0.0,0,0
250,0.49999999999999994,-0.07929225300085736,0.4968584280172206,-0.07959097041330734,0.4984292140086103,-0.07944161170708236,0.4984292140086103,-0.07944161170708236,0.003155741848676013,-0.9955098146248591,-0.09465838042972594,0.09465838042972544,-0.9955098146248591,-7.8880756367658424,-0.1527344995406219,0.0,0,0
251,0.4968584280172206,-0.07959097041330734,0.4937169800583237,-0.07988634968361684,0.4952877040377721,-0.07973866004846208,0.4952877040377721,-0.07973866004846208,0.003155304136178616,-0.9956086080188369,-0.09361356546352709,0.09361356546352703,-0.9956086080188369,-7.893164304103427,-0.15422225770451914,0.0,0,0
252,0.4937169800583237,-0.07988634968361684,0.4905757801422959,-0.08017834851661208,0.4921463801003098,-0.08003234910011446,0.4921463801003098,-0.08003234910011446,0.003154742498354437,-0.9957072305160537,-0.09255869001909155,0.09255869001909148,-0.9957072305160537,-7.898222342237228,-0.15570201171268683,0.0,0,0
253,0.4905757801422959,-0.08017834851661208,0.4874349522783312,-0.08046692465667545,0.48900536621031354,-0.08032263658664376,0.48900536621031354,-0.08032263658664376,0.003154057047624673,-0.9958056612609637,-0.09149363366166409,0.09149363366166446,-0.9958056612609637,-7.903249041350406,-0.15717353648506416,0.0,0,0
254,0.4874349522783312,-0.08046692465667545,0.4842946204609359,-0.08075203589451077,0.4858647863696336,-0.08060948027559312,0.4858647863696336,-0.08060948027559312,0.0031532479035567993,-0.9959038786176895,-0.09041827555446068,0.09041827555446107,-0.9959038786176895,-7.908243670052153,-0.15863660019871006,0.0,0,0
255,0.4842946204609359,-0.08075203589451077,0.48115490866503274,-0.08103364007403961,0.4827247645629843,-0.08089283798427518,0.4827247645629843,-0.08089283798427518,0.003152315192879925,-0.9960018601549663,-0.08933249446784203,0.08933249446784197,-0.9960018601549663,-7.913205475262897,-0.1600909642426498,0.0,0,0
256,0.48115490866503274,-0.08103364007403961,0.4780159408410676,-0.0813116950994247,0.47958542475305016,-0.08117266758673215,0.47958542475305016,-0.08117266758673215,0.0031512590494960123,-0.9960995826310085,-0.08823616878769515,0.08823616878769554,-0.9960995826310085,-7.918133682098328,-0.16153638317283692,0.0,0,0
257,0.4780159408410676,-0.0813116950994247,0.4748778409101152,-0.081586158942219,0.4764468908755914,-0.08144892702082185,0.4764468908755914,-0.08144892702082185,0.0031500796144930568,-0.9961970219782497,-0.08712917652352024,0.08712917652351973,-0.9961970219782497,-7.923027493753338,-0.16297260466757635,0.0,0,0
258,0.4748778409101152,-0.081586158942219,0.4717407327589878,-0.08185698964863802,0.47330928683455153,-0.0817215742954285,0.47330928683455153,-0.0817215742954285,0.0031487770361537707,-0.9962941532879583,-0.08601139531614455,0.08601139531614448,-0.9962941532879583,-7.927886091385439,-0.1643993694833059,0.0,0,0
259,0.4717407327589878,-0.08185698964863802,0.4686047402353434,-0.08212414534695217,0.4701727364971656,-0.0819905674977951,0.4701727364971656,-0.0819905674977951,0.003147351469965744,-0.9963909507947551,-0.0848827024447492,0.08488270244474914,-0.9963909507947551,-7.932708633997768,-0.16581641141079118,0.0,0,0
260,0.4686047402353434,-0.08212414534695217,0.4654699871427971,-0.08238758425499697,0.46703736368907023,-0.08225586480097458,0.46703736368907023,-0.08225586480097458,0.0031458030786272032,-0.9964873878609938,-0.08374297483355463,0.08374297483355457,-0.9964873878609938,-7.937494258321189,-0.16722345723161514,0.0,0,0
261,0.4654699871427971,-0.08238758425499697,0.4623365972360336,-0.08264726468779827,0.46390329218941534,-0.08251742447139762,0.46390329218941534,-0.08251742447139762,0.003144132032053862,-0.9965834369610233,-0.08259208905793743,0.08259208905793736,-0.9965834369610233,-7.9422420786959504,-0.16862022667513266,0.0,0,0
262,0.4623365972360336,-0.08264726468779827,0.4592046942159213,-0.08290314506530969,0.4607706457259775,-0.08277520487655399,0.4607706457259775,-0.08277520487655399,0.0031423385073832957,-0.9966790696653196,-0.08142992135003586,0.08142992135003625,-0.9966790696653196,-7.946951186952972,-0.1700064323759234,0.0,0,0
263,0.4592046942159213,-0.08290314506530969,0.45607440172462843,-0.08315518392025857,0.45763954797027484,-0.08302916449278414,0.45763954797027484,-0.08302916449278414,0.003140422688978109,-0.9967742566245021,-0.080256347603608,0.08025634760360793,-0.9967742566245021,-7.951620652293438,-0.17138177983139524,0.0,0,0
264,0.45607440172462843,-0.08315518392025857,0.45294584334074284,-0.08340333990609873,0.45451012253268563,-0.08327926191317865,0.45451012253268563,-0.08327926191317865,0.0031383847684261306,-0.9968689675531834,-0.07907124337867795,0.0790712433786779,-0.9968689675531834,-7.9562495211679405,-0.17274596735993297,0.0,0,0
265,0.45294584334074284,-0.08340333990609873,0.44981914257439254,-0.08364757180506568,0.4513824929575677,-0.08352545585558221,0.4513824929575677,-0.08352545585558221,0.003136224944542172,-0.9969631712137078,-0.07787448390523713,0.07787448390523707,-0.9969631712137078,-7.9608368171553225,-0.17409868605965317,0.0,0,0
266,0.44981914257439254,-0.08364757180506568,0.44669442286237,-0.0838878385363314,0.44825678271838126,-0.08376770517069854,0.44825678271838126,-0.08376770517069854,0.0031339434233654253,-0.9970568353997373,-0.0766659440864135,0.07666594408641345,-0.9970568353997373,-7.965381540839286,-0.17543961976724498,0.0,0,0
267,0.44669442286237,-0.0838878385363314,0.4435718075632592,-0.08412409916425541,0.4451331152128146,-0.0840059688502934,0.4451331152128146,-0.0840059688502934,0.0031315404181565015,-0.9971499269196824,-0.07544549850105056,0.07544549850105006,-0.9971499269196824,-7.969882669684005,-0.17676844501727818,0.0,0,0
268,0.4435718075632592,-0.08412409916425541,0.44045141995256515,-0.0843563129067289,0.4420116137579122,-0.08424020603549215,0.4420116137579122,-0.08424020603549215,0.003129016149393686,-0.9972424115799772,-0.07421302140562308,0.07421302140562301,-0.9972424115799772,-7.9743391579092355,-0.17808483100216344,0.0,0,0
269,0.44045141995256515,-0.0843563129067289,0.43733338321784787,-0.08458443914360773,0.4388924015852065,-0.08447037602516833,0.4388924015852065,-0.08447037602516833,0.0031263708447653612,-0.9973342541682034,-0.07296838673530814,0.07296838673530809,-0.9973342541682034,-7.978749936363011,-0.1793884395322347,0.0,0,0
270,0.43733338321784787,-0.08458443914360773,0.4342178204538587,-0.08480843742523139,0.4357756018358533,-0.08469643828441956,0.4357756018358533,-0.08469643828441956,0.0031236047391637375,-0.9974254184360327,-0.07171146810451642,0.07171146810451635,-0.9974254184360327,-7.983113912393098,-0.18067892499633076,0.0,0,0
271,0.4342178204538587,-0.08480843742523139,0.431104854657681,-0.08502826748102361,0.43266133755576985,-0.08491835245312751,0.43266133755576985,-0.08491835245312751,0.0031207180746747835,-0.9975158670820051,-0.0704421388065087,0.07044213880650863,-0.9975158670820051,-7.987429969716708,-0.18195593432276214,0.0,0,0
272,0.431104854657681,-0.08502826748102361,0.42799460872387396,-0.08524388922817173,0.4295497316907775,-0.08513607835459767,0.4295497316907775,-0.08513607835459767,0.0031177111005682443,-0.9976055617341066,-0.06916027181249065,0.0691602718124906,-0.9976055617341066,-7.991696968288748,-0.18321910694078958,0.0,0,0
273,0.42799460872387396,-0.08524388922817173,0.42488720543962144,-0.08545526278037927,0.4264409070817477,-0.08534957600427551,0.4264409070817477,-0.08534957600427551,0.003114584073284292,-0.9976944629321883,-0.067865739769432,0.06786573976943194,-0.9976944629321883,-7.995913744166721,-0.1844680747420866,0.0,0,0
274,0.42488720543962144,-0.08545526278037927,0.4217827674798845,-0.08566234845669021,0.423334986459753,-0.08555880561853474,0.423334986459753,-0.08555880561853474,0.0031113372564202475,-0.9977825301101338,-0.06655841499780353,0.06655841499780346,-0.9977825301101338,-8.000079109375214,-0.1857024620430896,0.0,0,0
275,0.4217827674798845,-0.08566234845669021,0.41868141740255826,-0.0858651067903783,0.4202320924412214,-0.08576372762353426,0.4202320924412214,-0.08576372762353426,0.0031079709207152448,-0.9978697215778771,-0.06523816948757874,0.06523816948757911,-0.9978697215778771,-8.00419185176644,-0.18692188554723876,0.0,0,0
276,0.41868141740255826,-0.0858651067903783,0.4155832776436331,-0.08606349853789953,0.4171323475230957,-0.08596430266413892,0.4171323475230957,-0.08596430266413892,0.0031044853440332556,-0.9979559945031446,-0.06390487489417036,0.06390487489417031,-0.9979559945031446,-8.008250734879072,-0.18812595430780554,0.0,0,0
277,0.4155832776436331,-0.08606349853789953,0.412488470512362,-0.08625748468790188,0.4140358740779976,-0.08616049161290071,0.4140358740779976,-0.08616049161290071,0.0031008808113436774,-0.9980413048930095,-0.06255840253282467,0.0625584025328246,-0.9980413048930095,-8.01225449779381,-0.18931426969088427,0.0,0,0
278,0.412488470512362,-0.08625748468790188,0.4093971181864313,-0.08644702647028943,0.4109427943493966,-0.08635225557909565,0.4109427943493966,-0.08635225557909565,0.003097157614702159,-0.998125607575172,-0.061198623372537536,0.061198623372537474,-0.998125607575172,-8.016201854986347,-0.19048642533879367,0.0,0,0
279,0.4093971181864313,-0.08644702647028943,0.40630934270713776,-0.08663208536533554,0.40785323044678456,-0.08653955591781248,0.40785323044678456,-0.08653955591781248,0.0030933160532286845,-0.9982088561790066,-0.05982540802869164,0.05982540802869114,-0.9982088561790066,-8.020091496176542,-0.1916420071335725,0.0,0,0
280,0.40630934270713776,-0.08663208536533554,0.4032252659745699,-0.08681262311284144,0.40476730434085384,-0.08672235423908849,0.40476730434085384,-0.08672235423908849,0.00308935643308453,-0.9982910031163261,-0.058438626754907255,0.05843862675490719,-0.9982910031163261,-8.023922086175165,-0.1927805931610196,0.0,0,0
281,0.4032252659745699,-0.08681262311284144,0.4001450097427965,-0.08698860172133496,0.4016851378586832,-0.0869006124170882,0.4016851378586832,-0.0869006124170882,0.003085279067446965,-0.9983719995618795,-0.05703814943364135,0.05703814943364173,-0.9983719995618795,-8.027692264725477,-0.193901753674514,0.0,0,0
282,0.4001450097427965,-0.08698860172133496,0.3970686956150593,-0.08715998347730594,0.3986068526789279,-0.08707429259932045,0.3986068526789279,-0.08707429259932045,0.003081084276483695,-0.9984517954335348,-0.05562384556600557,0.055623845566005505,-0.9984517954335348,-8.031400646342059,-0.19500505105937394,0.0,0,0
283,0.3970686956150593,-0.08715998347730594,0.39399644503897274,-0.0873267309544728,0.39553257032701605,-0.08724335721588937,0.39553257032701605,-0.08724335721588937,0.0030767723873250273,-0.9985303393721651,-0.054195584260240785,0.05419558426024072,-0.9985303393721651,-8.035045820145069,-0.19609003979726558,0.0,0,0
284,0.39399644503897274,-0.0873267309544728,0.39092837930172875,-0.0874888070230761,0.3924624121703507,-0.08740776898877445,0.3924624121703507,-0.08740776898877445,0.0030723437340350527,-0.9986075787212008,-0.05275323421915372,0.05275323421915366,-0.9986075787212008,-8.03862634968949,-0.19715626643058015,0.0,0,0
285,0.39092837930172875,-0.0874888070230761,0.38786461952530943,-0.08764617485919461,0.38939649941351906,-0.08756749094113536,0.38939649941351906,-0.08756749094113536,0.0030677986575799866,-0.9986834595058284,-0.05129666372650759,0.05129666372650708,-0.9986834595058284,-8.042140772790217,-0.1982032695270759,0.0,0,0
286,0.38786461952530943,-0.08764617485919461,0.38480528666170466,-0.08779879795407855,0.38633495309350707,-0.08772248640663657,0.38633495309350707,-0.08772248640663657,0.0030631375057976274,-0.9987579264118385,-0.04982574063197197,0.04982574063197147,-0.9987579264118386,-8.04558760134181,-0.19923057964449842,0.0,0,0
287,0.38480528666170466,-0.08779879795407855,0.3817505014881376,-0.08794664012349572,0.38327789407492113,-0.08787271903878713,0.38327789407492113,-0.08787271903878713,0.0030583606333627615,-0.998830922764077,-0.04834033233504326,0.04834033233504275,-0.998830922764077,-8.04896532113265,-0.20023771929514877,0.0,0,0
288,0.3817505014881376,-0.08794664012349572,0.3787003846022963,-0.08808966551708554,0.380225443045217,-0.08801815282029063,0.380225443045217,-0.08801815282029063,0.0030534684017532645,-0.9989023905044967,-0.04684030576759673,0.04684030576759623,-0.9989023905044967,-8.052272391653005,-0.20122420291029863,0.0,0,0
289,0.3787003846022963,-0.08808966551708554,0.37565505641757263,-0.0882278386277163,0.3771777205099345,-0.08815875207240093,0.3771777205099345,-0.08815875207240093,0.003048461179213849,-0.9989722701697771,-0.045325527375222295,0.04532552737522224,-0.9989722701697771,-8.055507245897875,-0.20218953680478635,0.0,0,0
290,0.37565505641757263,-0.0882278386277163,0.3726146371583089,-0.08836112430084025,0.37413484678794073,-0.08829448146427828,0.37413484678794073,-0.08829448146427828,0.0030433393407180154,-0.9990405008685005,-0.043795863097050906,0.043795863097050844,-0.9990405008685005,-8.058668290162345,-0.2031332191411599,0.0,0,0
291,0.3726146371583089,-0.08836112430084025,0.3695792468550515,-0.08848948774384204,0.3710969420066802,-0.08842530602234114,0.3710969420066802,-0.08842530602234114,0.0030381032679302165,-0.9991070202578483,-0.04225117834431962,0.04225117834432,-0.9991070202578483,-8.061753903830166,-0.2040547398936432,0.0,0,0
292,0.3695792468550515,-0.08848948774384204,0.3665490053398123,-0.08861289453537542,0.3680641260974319,-0.08855119113960873,0.3680641260974319,-0.08855119113960873,0.003032753349165722,-0.999171764519794,-0.04069133797752928,0.04069133797752966,-0.9991717645197938,-8.064762439155489,-0.20495358081197312,0.0,0,0
293,0.3665490053398123,-0.08861289453537542,0.36352403224133745,-0.08873131063468323,0.36503651879057486,-0.08867210258502933,0.36503651879057486,-0.08867210258502933,0.003027289979349792,-0.999234668336773,-0.039116206282042744,0.03911620628204224,-0.999234668336773,-8.067692221036477,-0.20582921538477894,0.0,0,0
294,0.36352403224133745,-0.08873131063468323,0.36050444698038536,-0.08884470239089508,0.36201423961086143,-0.08878800651278915,0.36201423961086143,-0.08878800651278915,0.003021713559974849,-0.9992956648667976,-0.037525646942124506,0.03752564694212489,-0.9992956648667976,-8.07054154678013,-0.20668110880237944,0.0,0,0
295,0.36050444698038536,-0.08884470239089508,0.35749036876501195,-0.0889530365522989,0.3589974078726986,-0.08889886947159699,0.3589974078726986,-0.08889886947159699,0.0030160244990576042,-0.9993546857179724,-0.035919523013712866,0.035919523013712804,-0.9993546857179724,-8.073308685859594,-0.2075087179194408,0.0,0,0
296,0.35749036876501195,-0.0889530365522989,0.35448191658586414,-0.08905628027557982,0.35598614267543804,-0.08900465841393937,0.35598614267543804,-0.08900465841393937,0.003010223211095162,-0.9994116609224087,-0.0342976968951619,0.03429769689516184,-0.9994116609224087,-8.075991879661109,-0.20831149121670944,0.0,0,0
297,0.35448191658586414,-0.08905628027557982,0.35147920921148257,-0.08915440113502232,0.35298056289867336,-0.08910534070530107,0.35298056289867336,-0.08910534070530107,0.003004310117019084,-0.9994665189094727,-0.03266003029669024,0.03266003029669018,-0.9994665189094727,-8.078589341221997,-0.20908886876232824,0.0,0,0
298,0.35147920921148257,-0.08915440113502232,0.348482365183613,-0.08924736713166997,0.34998078719754777,-0.08920088413334615,0.34998078719754777,-0.08920088413334615,0.00299828564414906,-0.9995191864783534,-0.031006384207945603,0.0310063842079451,-0.9995191864783534,-8.081099254957866,-0.20984028217223694,0.0,0,0
299,0.348482365183613,-0.08924736713166997,0.3454915028125263,-0.08933514670243792,0.3469869339980696,-0.08929125691705395,0.3469869339980696,-0.08929125691705395,0.002992150226146167,-0.999569588769904,-0.029336618863886707,0.029336618863886645,-0.999569588769904,-8.083519776379214,-0.21056515456981817,0.0,0,0
300,0.3454915028125263,-0.08933514670243792,0.34250674017234767,-0.0894177087291728,0.34399912149243694,-0.08937642771580537,0.34399912149243694,-0.08937642771580537,0.002985904302964939,-0.9996176492377205,-0.02765059370888196,0.027650593708882346,-0.9996176492377205,-8.085849031796629,-0.2112629005446034,0.0,0,0
301,0.34250674017234767,-0.0894177087291728,0.3395281950963953,-0.08949502254765511,0.34101746763437146,-0.08945636563841396,0.34101746763437146,-0.08945636563841396,0.002979548320804402,-0.9996632896184154,-0.025948167358947904,0.025948167358948285,-0.9996632896184154,-8.088085118013948,-0.2119329261099474,0.0,0,0
302,0.3395281950963953,-0.08949502254765511,0.33655598517252877,-0.08956705795653835,0.33804209013446207,-0.08953104025209674,0.33804209013446207,-0.08953104025209674,0.0029730827320583824,-0.9997064299010491,-0.024229197562010352,0.024229197562010293,-0.9997064299010491,-8.090226102008423,-0.21257462865945853,0.0,0,0
303,0.33655598517252877,-0.08956705795653835,0.33359022773850666,-0.08963378522622074,0.3350731064555177,-0.08960042159137954,0.3350731064555177,-0.08960042159137954,0.002966507995265928,-0.9997469882956608,-0.022493541156428914,0.02249354115642885,-0.9997469882956608,-8.09227002059829,-0.21318739692240385,0.0,0,0
304,0.33359022773850666,-0.08963378522622074,0.33063103987735437,-0.08969517510764313,0.3321106338079305,-0.08966448016693193,0.3321106338079305,-0.08966448016693193,0.002959824575060509,-0.9997848812008714,-0.020741054027208064,0.020741054027208,-0.9997848812008714,-8.094214880094981,-0.2137706109173425,0.0,0,0
305,0.33063103987735437,-0.08969517510764313,0.3276785384127415,-0.08975119884100922,0.3291547891450479,-0.08972318697432619,0.3291547891450479,-0.08972318697432619,0.002953032942119215,-0.9998200231704869,-0.01897159106050691,0.01897159106050685,-0.9998200231704869,-8.096058655942166,-0.21432364190474584,0.0,0,0
306,0.3276785384127415,-0.08975119884100922,0.3247328399043705,-0.08980182816442168,0.326205689158556,-0.08977651350271545,0.326205689158556,-0.08977651350271545,0.002946133573110423,-0.9998523268790712,-0.017185006095635495,0.017185006095635433,-0.9998523268790712,-8.097799292337937,-0.21484585233759357,0.0,0,0
307,0.3247328399043705,-0.08980182816442168,0.3217940606433746,-0.08984703532243006,0.3232634502738726,-0.08982443174342587,0.3232634502738726,-0.08982443174342587,0.002939126950642787,-0.9998817030864159,-0.015381151875215415,0.015381151875215354,-0.9998817030864159,-8.099434701841218,-0.21533659581037656,0.0,0,0
308,0.3217940606433746,-0.08984703532243006,0.31886231664772713,-0.08988679307448472,0.3203281886455509,-0.08986691419845738,0.3203281886455509,-0.08986691419845738,0.0029320135632127592,-0.9999080606008628,-0.01355987999287794,0.013559879992877433,-0.9999080606008628,-8.100962764960894,-0.21579521700615856,0.0,0,0
309,0.31886231664772713,-0.08988679307448472,0.31593772365766104,-0.08992107470329204,0.3174000201526941,-0.08990393388888837,0.3174000201526941,-0.08990393388888837,0.00292479390515253,-0.9999313062414116,-0.011721040838785036,0.011721040838784976,-0.9999313062414116,-8.102381329726844,-0.21622105164156702,0.0,0,0
310,0.31593772365766104,-0.08992107470329204,0.3130203971310998,-0.08994985402306581,0.31447906039438045,-0.08993546436317892,0.31447906039438045,-0.08993546436317892,0.0029174684765776804,-0.9999513447985529,-0.009864483542776145,0.009864483542776529,-0.9999513447985529,-8.103688211242643,-0.216613426409755,0.0,0,0
311,0.3130203971310998,-0.08994985402306581,0.31011045223909944,-0.08997310538766884,0.3115654246850996,-0.08996147970536733,0.3115654246850996,-0.08996147970536733,0.0029100377833345898,-0.9999680789937638,-0.007990055914801729,0.007990055914801224,-0.9999680789937638,-8.104881191217103,-0.2169716589206112,0.0,0,0
312,0.31011045223909944,-0.08997310538766884,0.3072080038613017,-0.08999080369864157,0.3086592280502006,-0.0899819545431552,0.3086592280502006,-0.0899819545431552,0.0029025023369485883,-0.999981409437587,-0.0060976043834424926,0.006097604383442431,-0.999981409437587,-8.105958017475924,-0.21729505763872226,0.0,0,0
313,0.3072080038613017,-0.08999080369864157,0.30431316658139884,-0.09000292441311092,0.3057605852213503,-0.08999686405587624,0.3057605852213503,-0.08999686405587624,0.002894862654571828,-0.9999912345862331,-0.00418697393128692,0.0041869739312873034,-0.9999912345862331,-8.106916403451757,-0.21758292181871153,0.0,0,0
314,0.30431316658139884,-0.09000292441311092,0.30142605468260975,-0.09000944355157504,0.3028696106320043,-0.09000618398234297,0.3028696106320043,-0.09000618398234297,0.0028871192589319714,-0.9999974506966235,-0.0022580080278832293,0.002258008027883168,-0.9999974506966235,-8.10775402765015,-0.21783454143733216,0.0,0,0
315,0.30142605468260975,-0.09000944355157504,0.29854678214316865,-0.0900103377055596,0.2999864184128892,-0.09000989062856732,0.2999864184128892,-0.09000989062856732,0.0028792726782802106,-0.9999999517797947,-0.00031054856016497095,0.00031054856016490975,-0.9999999517797947,-8.10846853309252,-0.2180491971228078,0.0,0,0
316,0.29854678214316865,-0.0900103377055596,0.2956754626318254,-0.09000558404513946,0.29711112238749704,-0.09000796087534954,0.29711112238749704,-0.09000796087534954,0.0028713234463410265,-0.999998629552584,0.0016555642403168153,-0.0016555642403173205,-0.999998629552584,-8.10905752673323,-0.21822616008068763,0.0,0,0
317,0.2956754626318254,-0.09000558404513946,0.29281220950335796,-0.08999516032632232,0.2942438360675917,-0.0900003721857309,0.2942438360675917,-0.0900003721857309,0.0028632721022621528,-0.999993373387507,0.0036404918725343937,-0.003640491872534011,-0.999993373387507,-8.109518578851027,-0.21836469201645592,0.0,0,0
318,0.29281220950335796,-0.08999516032632232,0.2899571357940969,-0.08997904489828792,0.2913846726487274,-0.08998710261230512,0.2913846726487274,-0.08998710261230512,0.0028551191905653527,-0.9999840702607363,0.005644397644641182,-0.005644397644641244,-0.9999840702607363,-8.10984922241155,-0.21846404505407713,0.0,0,0
319,0.2899571357940969,-0.08997904489828792,0.28711035421746367,-0.08995721671047993,0.2885337450057803,-0.08996813080438393,0.2885337450057803,-0.08996813080438393,0.0028468652610970585,-0.9999706046980881,0.00766744675495522,-0.007667446754954838,-0.9999706046980881,-8.11004695240248,-0.21852346165111736,0.0,0,0
320,0.28711035421746367,-0.08995721671047993,0.28427197715952046,-0.0899296553195436,0.28569116568849207,-0.08994343601501176,0.28569116568849207,-0.08994343601501176,0.002838510868981955,-0.999952858718912,0.0097098063768273,-0.009709806376827805,-0.999952858718912,-8.110109225136812,-0.21854217450927327,0.0,0,0
321,0.28427197715952046,-0.0899296553195436,0.28144211667453356,-0.08989634089610674,0.282857046917027,-0.08991299810782516,0.282857046917027,-0.08991299810782516,0.002830056574575715,-0.9999307117777873,0.01177164574593587,-0.011771645745936374,-0.9999307117777873,-8.11003345752551,-0.21851940648087864,0.0,0,0
322,0.28144211667453356,-0.08989634089610674,0.2786208844805492,-0.08985725423139755,0.2800315005775414,-0.08987679756375214,0.2800315005775414,-0.08987679756375214,0.0028215029434207144,-0.9999040407039056,0.013853136251488919,-0.01385313625148898,-0.9999040407039056,-8.109817026316263,-0.21845437047060412,0.0,0,0
323,0.2786208844805492,-0.08985725423139755,0.27580839195498386,-0.08981237674369615,0.27721463821776654,-0.08983481548754685,0.27721463821776654,-0.08983481548754685,0.0028128505462010345,-0.999872719638038,0.015954451530322634,-0.015954451530322693,-0.999872719638038,-8.109457267297904,-0.2183462693324385,0.0,0,0
324,0.27580839195498386,-0.08981237674369615,0.2730047501302266,-0.08976169048461415,0.27440657104260524,-0.08978703361415515,0.27440657104260524,-0.08978703361415515,0.002804099958701148,-0.9998366199669537,0.018075767564819042,-0.018075767564819545,-0.9998366199669537,-8.108951474467963,-0.21819429576140492,0.0,0,0
325,0.2730047501302266,-0.08976169048461415,0.2702100696892561,-0.08970517814519889,0.27160740990974136,-0.08973343431490652,0.27160740990974136,-0.08973343431490652,0.0027952517617648377,-0.9997956102551759,0.02021726278407702,-0.020217262784077525,-0.9997956102551759,-8.108296899162372,-0.21799763217996704,0.0,0,0
326,0.2702100696892561,-0.08970517814519889,0.26742446096127087,-0.08964282306185752,0.2688172653252635,-0.0896740006035282,0.2688172653252635,-0.0896740006035282,0.0027863065412559976,-0.9997495561739376,0.022379118168838575,-0.02237911816883908,-0.9997495561739376,-8.107490749145837,-0.21775545061892232,0.0,0,0
327,0.26742446096127087,-0.08964282306185752,0.2646480339173337,-0.08957460922209624,0.2660362474393023,-0.08960871614197688,0.2660362474393023,-0.08960871614197688,0.0027772648880221343,-0.9996983204271979,0.024561517360287183,-0.024561517360286802,-0.9996983204271979,-8.106530187659985,-0.21746691259217443,0.0,0,0
328,0.2646480339173337,-0.08957460922209624,0.26188089816603044,-0.08950052127007135,0.2632644660416821,-0.0895375652460838,0.2632644660416821,-0.0895375652460838,0.0027681273978586995,-0.9996417626745817,0.02676464677247207,-0.02676464677247257,-0.9996417626745817,-8.105412332428,-0.21713116896528417,0.0,0,0
329,0.26188089816603044,-0.08950052127007135,0.25912316294914234,-0.0894205445119473,0.26050203055758636,-0.08946053289100933,0.26050203055758636,-0.08946053289100933,0.00275889467147713,-0.999579739451087,0.02898869570879208,-0.028988695708792138,-0.999579739451087,-8.10413425461413,-0.21674735981760151,0.0,0,0
330,0.25912316294914234,-0.0894205445119473,0.2563749371373339,-0.08933466492105802,0.2577490500432381,-0.08937760471650266,0.2577490500432381,-0.08937760471650266,0.002749567314473589,-0.9995121040834022,0.03123385648251366,-0.03123385648251372,-0.9995121040834022,-8.10269297773541,-0.21631461429748455,0.0,0,0
331,0.2563749371373339,-0.08933466492105802,0.2536363292258542,-0.0892428691428676,0.2550056331815941,-0.08928876703196281,0.2550056331815941,-0.08928876703196281,0.002740145937301998,-0.9994387066026714,0.03350032454140193,-0.033500324541401984,-0.9994387066026714,-8.10108547652407,-0.21583205047049425,0.0,0,0
332,0.2536363292258542,-0.0892428691428676,0.2509074473302546,-0.08914514449972613,0.2522718882780544,-0.08919400682129686,0.2522718882780544,-0.08919400682129686,0.0027306311552475282,-0.999359393653531,0.03578829859670497,-0.03578829859670459,-0.999359393653531,-8.099308675737692,-0.2152987751600044,0.0,0,0
333,0.2509074473302546,-0.08914514449972613,0.24818839918211955,-0.08904147899541714,0.24954792325618708,-0.08909331174757164,0.24954792325618708,-0.08909331174757164,0.0027210235884057203,-0.9992740083992375,0.03809798075647167,-0.03809798075647217,-0.9992740083992375,-8.0973594489148,-0.21471388377991074,0.0,0,0
334,0.24818839918211955,-0.08904147899541714,0.2454792921248144,-0.08893186131949309,0.24683384565346697,-0.08898667015745512,0.24683384565346697,-0.08898667015745512,0.0027113238616615974,-0.9991823904227031,0.04042957666329157,-0.04042957666329119,-0.9991823904227031,-8.095234617074633,-0.2140764601594587,0.0,0,0
335,0.2454792921248144,-0.08893186131949309,0.2427802331092468,-0.0888162808513949,0.2441297626170306,-0.08887407108544398,0.2441297626170306,-0.08887407108544398,0.0027015326046750895,-0.9990843756232287,0.04278329563677041,-0.042783295636770476,-0.9990843756232287,-8.092930947357177,-0.21338557635940103,0.0,0,0
336,0.2427802331092468,-0.0888162808513949,0.24009132868964528,-0.08869472766435248,0.24143578089944603,-0.08875550425787368,0.24143578089944603,-0.08875550425787368,0.002691650451866422,-0.9989797961087384,0.045159350820658285,-0.04515935082065879,-0.9989797961087384,-8.09044515160162,-0.21264029247939065,0.0,0,0
337,0.24009132868964528,-0.08869472766435248,0.23741268501935214,-0.0885671925290622,0.2387520068544987,-0.08863096009670735,0.2387520068544987,-0.08863096009670735,0.0026816780424083323,-0.9988684800832868,0.04755795933494731,-0.04755795933494737,-0.9988684800832868,-8.087773884859729,-0.21183965645600566,0.0,0,0
338,0.23741268501935214,-0.0885671925290622,0.23474440784663303,-0.08843366691713897,0.2360785464329926,-0.08850042972310058,0.2360785464329926,-0.08850042972310058,0.002671616020219481,-0.998750251729628,0.04997934243269736,-0.04997934243269742,-0.998750251729628,-8.084913743842675,-0.21098270385145268,0.0,0,0
339,0.23474440784663303,-0.08843366691713897,0.23208660251050173,-0.08829414300433856,0.23341550517856738,-0.08836390496073876,0.23341550517856738,-0.08836390496073876,0.0026614650339636553,-0.9986249310865818,0.05242372566233483,-0.05242372566233489,-0.9986249310865818,-8.081861265296677,-0.21006845763208526,0.0,0,0
340,0.23208660251050173,-0.08829414300433856,0.2294393739365621,-0.08814861367354815,0.23076298822353192,-0.08822137833894336,0.23076298822353192,-0.08822137833894336,0.0026512257370512036,-0.9984923339209774,0.05489133903485639,-0.05489133903485601,-0.9984923339209774,-8.078612924305865,-0.2090959279367981,0.0,0,0
341,0.2294393739365621,-0.08814861367354815,0.2268028266328655,-0.08799707251754095,0.2281211002847138,-0.08807284309554456,0.2281211002847138,-0.08807284309554456,0.002640898787646712,-0.9983522715938775,0.057382417196773804,-0.05738241719677386,-0.9983522715938775,-8.07516513251722,-0.2080641118343356,0.0,0,0
342,0.2268028266328655,-0.08799707251754095,0.2241770646857849,-0.08783951384149352,0.2254899456593252,-0.08791829317951724,0.2254899456593252,-0.08791829317951724,0.002630484848679848,-0.9982045509208565,0.059897199608088335,-0.059897199608088834,-0.9982045509208565,-8.071514236286857,-0.20697199306992276,0.0,0,0
343,0.2241770646857849,-0.08783951384149352,0.22156219175590602,-0.08767593266526133,0.22286962822084547,-0.08775772325337743,0.22286962822084547,-0.08775772325337743,0.002619984587861329,-0.9980489740259826,0.062435930726493914,-0.06243593072649398,-0.9980489740259826,-8.067656514741586,-0.20581854180004266,0.0,0,0
344,0.22156219175590602,-0.08767593266526133,0.2189583110739347,-0.08750632472541121,0.22026025141492037,-0.08759112869533628,0.22026025141492037,-0.08759112869533628,0.0026093986777040424,-0.9978853381892636,0.0649988601969216,-0.06499886019692165,-0.9978853381892636,-8.063588177753527,-0.2046027143154001,0.0,0,0
345,0.2189583110739347,-0.08750632472541121,0.2163655254366218,-0.08733068647700745,0.21766191825527825,-0.08741850560120934,0.21766191825527825,-0.08741850560120934,0.0025987277955489027,-0.9977134356871968,0.06758624304730765,-0.06758624304730815,-0.9977134356871968,-8.059305363823512,-0.20332345275152797,0.0,0,0
346,0.2163655254366218,-0.08733068647700745,0.21378393720270455,-0.08714901509514932,0.21507473131966318,-0.08723985078607838,0.21507473131966318,-0.08723985078607838,0.00258797262359674,-0.9975330536261144,0.0701983398903392,-0.0701983398903397,-0.9975330536261143,-8.054804137869205,-0.20197968478659845,0.0,0,0
347,0.21378393720270455,-0.08714901509514932,0.21121364828886624,-0.08696130847625781,0.2124987927457854,-0.08705516178570356,0.2124987927457854,-0.08705516178570356,0.0025771338489445636,-0.9973439737679699,0.07283541713146817,-0.0728354171314678,-0.9973439737679699,-8.050080488914142,-0.20057032332614821,0.0,0,0
348,0.21121364828886624,-0.08696130847625781,0.208654760165712,-0.08676756523910918,0.20993420422728912,-0.0868644368576835,0.20993420422728912,-0.0868644368576835,0.0025662121636296346,-0.9971459723481985,0.07549774718338202,-0.07549774718338252,-0.9971459723481984,-8.045130327672858,-0.19909426617414394,0.0,0,0
349,0.208654760165712,-0.08676756523910918,0.2061073738537635,-0.08656778472561338,0.20738106700973774,-0.08666767498236128,0.20738106700973774,-0.08666767498236128,0.0025552082646773163,-0.9969388198852758,0.07818560868698002,-0.07818560868698007,-0.9969388198852758,-8.0399494840278,-0.1975503956900544,0.0,0,0
350,0.2061073738537635,-0.08656778472561338,0.20357158991947039,-0.08636196700133537,0.20483948188661694,-0.08646487586347437,0.20483948188661694,-0.08646487586347437,0.0025441228541573965,-0.9967222809815695,0.080899286739113,-0.0808992867391126,-0.9967222809815696,-8.034533704393242,-0.19593757843149273,0.0,0,0
351,0.20357158991947039,-0.08636196700133537,0.20104750847124053,-0.08615011285575765,0.20230954919535546,-0.08625603992854651,0.20230954919535546,-0.08625603992854651,0.0025329566392452486,-0.9964961141150686,0.08363907312714765,-0.0836390731271477,-0.9964961141150686,-8.028878648961522,-0.1942546647821004,0.0,0,0
352,0.20104750847124053,-0.08615011285575765,0.19853522915548766,-0.08593222380228197,0.1997913688133641,-0.08604116832901981,0.1997913688133641,-0.08604116832901981,0.002521710332291213,-0.9962600714215382,0.08640526657068806,-0.08640526657068857,-0.9962600714215382,-8.02297988882575,-0.19250048856406177,0.0,0,0
353,0.19853522915548766,-0.08593222380228197,0.1960348511526973,-0.08570830207796923,0.19728504015409248,-0.0858202629401256,0.19728504015409248,-0.0858202629401256,0.00251038465089656,-0.9960138984666603,0.08919817297033138,-0.08919817297033145,-0.9960138984666603,-8.016832902974798,-0.19067386663519015,0.0,0,0
354,0.1960348511526973,-0.08570830207796923,0.19354647317351176,-0.08547835064301527,0.19479066216310453,-0.08559332636049224,0.19479066216310453,-0.08559332636049224,0.0024989803179963133,-0.9957573340076316,0.09201810566412509,-0.09201810566412516,-0.9957573340076316,-8.010433075152857,-0.18877359846958663,0.0,0,0
355,0.19354647317351176,-0.08547835064301527,0.19107019345483284,-0.08524237317996257,0.1923083333141723,-0.08536036191148892,0.1923083333141723,-0.08536036191148892,0.0024874980619508714,-0.9954901097437827,0.09486538569104877,-0.09486538569104838,-0.9954901097437827,-8.003775690580945,-0.18679846572243775,0.0,0,0
356,0.19107019345483284,-0.08524237317996257,0.18860610975594377,-0.08500037409264494,0.1898381516053883,-0.08512137363630376,0.1898381516053883,-0.08512137363630376,0.0024759386166448827,-0.9952119500555778,0.09774034206290709,-0.09774034206290672,-0.9952119500555778,-7.996855932530375,-0.18474723177744323,0.0,0,0
357,0.18860610975594377,-0.08500037409264494,0.18615431935464977,-0.08475235850486604,0.18738021455529677,-0.08487636629875549,0.18738021455529677,-0.08487636629875549,0.0024643027215946385,-0.9949225717315547,0.10064331204342047,-0.10064331204342054,-0.9949225717315547,-7.989668878745058,-0.18261864127748106,0.0,0,0
358,0.18615431935464977,-0.08475235850486604,0.18371491904343779,-0.08449833225880943,0.18493461919904378,-0.08462534538183773,0.18493461919904378,-0.08462534538183773,0.002452591122063913,-0.9946216836825083,0.10357464143588706,-0.10357464143588756,-0.9946216836825081,-7.982209497704259,-0.18041141963766583,0.0,0,0
359,0.18371491904343779,-0.08449833225880943,0.18128800512565513,-0.08423830191317992,0.18250146208454646,-0.08436831708599468,0.18250146208454646,-0.08436831708599468,0.0024408045691893016,-0.9943089866423608,0.1065346848788771,-0.10653468487887673,-0.9943089866423608,-7.97447264471882,-0.1781242725404819,0.0,0,0
360,0.18128800512565513,-0.08423830191317992,0.17887367341170785,-0.08397227474107594,0.1800808392686815,-0.08410528832712794,0.1800808392686815,-0.08410528832712794,0.0024289438201138503,-0.9939841728550629,0.10952380615024533,-0.1095238061502454,-0.9939841728550628,-7.9664530578546815,-0.17575588541302722,0.0,0,0
361,0.17887367341170785,-0.08397227474107594,0.17647201921527783,-0.0837002587275916,0.17767284631349284,-0.08383626673433377,0.17767284631349284,-0.08383626673433377,0.0024170096381317574,-0.9936469257468032,0.11254237847996117,-0.11254237847996122,-0.9936469257468032,-7.958145353674825,-0.17330492288571842,0.0,0,0
362,0.17647201921527783,-0.0837002587275916,0.17408313734956066,-0.08342226256714898,0.17527757828241924,-0.0835612606473703,0.17527757828241924,-0.0835612606473703,0.0024050027928410405,-0.9932969195828572,0.11559078487148959,-0.11559078487148965,-0.9932969195828572,-7.949544022792299,-0.17077002823241516,0.0,0,0
363,0.17408313734956066,-0.08342226256714898,0.1717071221235218,-0.08313829566055982,0.17289512973654123,-0.0832802791138544,0.17289512973654123,-0.0832802791138544,0.002392924060309129,-0.9929338191082916,0.11866941843214063,-0.1186694184321407,-0.9929338191082916,-7.940643425226136,-0.1681498227917868,0.0,0,0
364,0.1717071221235218,-0.08313829566055982,0.1693440673381741,-0.08284836811181703,0.17052559473084794,-0.08299333188618843,0.17052559473084794,-0.08299333188618843,0.0023807742232464413,-0.9925572791717427,0.12177868271248127,-0.12177868271248132,-0.9925572791717427,-7.931437785551536,-0.16544290536979367,0.0,0,0
365,0.1693440673381741,-0.08284836811181703,0.16699406628287422,-0.08255249072461547,0.16816906681052415,-0.08270042941821626,0.16816906681052415,-0.08270042941821626,0.0023685540711935855,-0.9921669443314124,0.12491899205512373,-0.12491899205512423,-0.9921669443314123,-7.921921187834258,-0.16264785162286954,0.0,0,0
366,0.16699406628287422,-0.08255249072461547,0.16465721173164,-0.08225067499860306,0.1658256390072571,-0.08240158286160926,0.1658256390072571,-0.08240158286160926,0.0023562644007183295,-0.9917624484424635,0.12809077195258828,-0.12809077195258833,-0.9917624484424634,-7.912087570341606,-0.15976321342230504,0.0,0,0
367,0.16465721173164,-0.08225067499860306,0.16233359593948782,-0.08194293312536172,0.1634954038355639,-0.08209680406198239,0.1634954038355639,-0.08209680406198239,0.0023439060156254313,-0.9913434142248068,0.13129445941509965,-0.1312944594150997,-0.9913434142248068,-7.901930720018254,-0.1567875181992877,0.0,0,0
368,0.16233359593948782,-0.08194293312536172,0.16002331063879044,-0.08162927798411936,0.16117845328913913,-0.08178610555474053,0.16117845328913913,-0.08178610555474053,0.0023314797271788883,-0.9909094528104025,0.13453050334771133,-0.1345305033477114,-0.9909094528104025,-7.891444266718072,-0.15371926827111748,0.0,0,0
369,0.16002331063879044,-0.08162927798411936,0.1577264470356557,-0.08130972313719304,0.15887487883722307,-0.08146950056065619,0.15887487883722307,-0.08146950056065619,0.0023189863543365743,-0.9904601632689829,0.1377993649375053,-0.1377993649375054,-0.9904601632689829,-7.880621677180123,-0.15055694014844057,0.0,0,0
370,0.1577264470356557,-0.08130972313719304,0.15544309580632582,-0.08098428282516437,0.15658477142099075,-0.0811470029811787,0.15658477142099075,-0.0811470029811787,0.0023064267239987436,-0.9899951321111736,0.1411015180505861,-0.1411015180505857,-0.9899951321111737,-7.869456248738108,-0.14729898382390916,0.0,0,0
371,0.15544309580632582,-0.08098428282516437,0.15317334709359753,-0.08065297196178808,0.15430822144996167,-0.08081862739347623,0.15430822144996167,-0.08081862739347623,0.0022938016712703894,-0.9895139327678723,0.1444374496391386,-0.1444374496391382,-0.9895139327678724,-7.857941102751671,-0.14394382204265654,0.0,0,0
372,0.15317334709359753,-0.08065297196178808,0.15091729050326363,-0.08031580612863469,0.15204531879843058,-0.08048438904521138,0.15204531879843058,-0.08048438904521138,0.002281112039737426,-0.9890161250446904,0.147807660158685,-0.1478076601586855,-0.9890161250446904,-7.846069177746835,-0.1404898495549025,0.0,0,0
373,0.15091729050326363,-0.08031580612863469,0.1486750151005754,-0.07997280156946857,0.14979615280191952,-0.08014430384905163,0.14979615280191952,-0.08014430384905163,0.002268358681758557,-0.9885012545502265,0.15121266399554062,-0.1512126639955407,-0.9885012545502265,-7.833833222253052,-0.1369354323513554,0.0,0,0
374,0.1486750151005754,-0.07997280156946857,0.1464466094067262,-0.0796239751843627,0.1475608122536508,-0.07979838837691564,0.1475608122536508,-0.07979838837691564,0.002255542458772503,-0.9879688520968556,0.15465298990456466,-0.1546529899045643,-0.9879688520968557,-7.821225787323359,-0.13327890688207478,0.0,0,0
375,0.1464466094067262,-0.0796239751843627,0.14423216139535733,-0.07926934452355199,0.14533938540104177,-0.07944665985395735,0.14533938540104177,-0.07944665985395735,0.002242664241620368,-0.9874184330726673,0.15812918145718188,-0.15812918145718194,-0.9874184330726673,-7.808239218724156,-0.12951857925979682,0.0,0,0
376,0.14423216139535733,-0.07926934452355199,0.1420317584890844,-0.07890892778102586,0.14313195994222086,-0.07908913615228892,0.14313195994222086,-0.07908913615228892,0.0022297249108864364,-0.9868494967830613,0.16164179749996194,-0.161641797499962,-0.9868494967830613,-7.794865648778983,-0.125652724448438,0.0,0,0
377,0.1420317584890844,-0.07890892778102586,0.1398454875560466,-0.07854274378786325,0.1409386230225655,-0.07872583578444456,0.1409386230225655,-0.07872583578444456,0.002216725357254368,-0.9862615257605547,0.16519141262324377,-0.16519141262324383,-0.9862615257605547,-7.781096987852513,-0.12167958543839719,0.0,0,0
378,0.1398454875560466,-0.07854274378786325,0.13767343490647665,-0.07817081200531055,0.13875946123126162,-0.0783567778965869,0.13875946123126162,-0.0783567778965869,0.0022036664818834524,-0.9856539850411032,0.16877861764036503,-0.16877861764036553,-0.9856539850411032,-7.766924915457728,-0.117597372409735,0.0,0,0
379,0.13767343490647665,-0.07817081200531055,0.13551568628929422,-0.0777931525176058,0.13659456059788544,-0.07798198226145817,0.13659456059788544,-0.07798198226145817,0.002190549196801138,-0.9850263214053327,0.172404020076906,-0.17240402007690608,-0.9850263214053326,-7.752340870970685,-0.11340426188513719,0.0,0,0
380,0.13551568628929422,-0.0777931525176058,0.13337232688871997,-0.07740978602455004,0.1344440065890071,-0.07760146927107792,0.1344440065890071,-0.07760146927107792,0.0021773744253177694,-0.9843779625828233,0.1760682446703257,-0.1760682446703253,-0.9843779625828234,-7.737336043934332,-0.10909839587417958,0.0,0,0
381,0.13337232688871997,-0.07740978602455004,0.13124344132091303,-0.07702073383382962,0.1323078841048165,-0.07721525992918983,0.1323078841048165,-0.07721525992918983,0.002164143102459035,-0.9837083164176915,0.1797719338792094,-0.1797719338792099,-0.9837083164176914,-7.72190136393555,-0.10467788101167974,0.0,0,0
382,0.13124344132091303,-0.07702073383382962,0.1291291136306304,-0.07662601785309053,0.13018627747577172,-0.07682337584346008,0.13018627747577172,-0.07682337584346008,0.0021508561754210176,-0.9830167699933577,0.18351574840276239,-0.18351574840276244,-0.9830167699933577,-7.706027490034019,-0.10014078769183032,0.0,0,0
383,0.1291291136306304,-0.07662601785309053,0.12702942728790895,-0.07622566058176854,0.12807927045926967,-0.07642583921742954,0.12807927045926967,-0.07642583921742954,0.0021375146040463395,-0.982302688714604,0.18730036770935546,-0.18730036770935551,-0.982302688714604,-7.689704799726307,-0.09548514920175988,0.0,0,0
384,0.12702942728790895,-0.07622566058176854,0.1249444651847702,-0.07581968510267698,0.12598694623633958,-0.07602267284222275,0.12598694623633958,-0.07602267284222275,0.002124119361323265,-0.9815654153445842,0.19112649057473421,-0.19112649057473427,-0.9815654153445842,-7.672923377422338,-0.09070896085695934,0.0,0,0
385,0.1249444651847702,-0.07581968510267698,0.12287430963194812,-0.07540811507335576,0.12390938740835916,-0.07561390008801637,0.12390938740835916,-0.07561390008801637,0.0021106714339080754,-0.9808042689946426,0.19499483562875422,-0.19499483562875383,-0.9808042689946426,-7.65567300241479,-0.085810179142642,0.0,0,0
386,0.12287430963194812,-0.07540811507335576,0.12081904235563906,-0.07499097471718413,0.12184667599379359,-0.07519954489526995,0.12184667599379359,-0.07519954489526995,0.0020971718226730613,-0.9800185440644575,0.19890614191065292,-0.19890614191065298,-0.9800185440644575,-7.637943136319169,-0.08078672086498395,0.0,0,0
387,0.12081904235563906,-0.07499097471718413,0.11877874449427606,-0.07456828881426054,0.11979889342495756,-0.07477963176572233,0.11979889342495756,-0.07477963176572233,0.002083621543278141,-0.9792075091300049,0.202861169432229,-0.20286116943222948,-0.9792075091300048,-7.619722909960705,-0.07563646231648669,0.0,0,0
388,0.11877874449427606,-0.07456828881426054,0.11675349659532508,-0.07414008269205315,0.11776612054480057,-0.07435418575315685,0.11776612054480057,-0.07435418575315685,0.002070021626771383,-0.9783704057767552,0.20686069974798846,-0.2068606997479885,-0.9783704057767552,-7.6010011096867265,-0.07035723846119368,0.0,0,0
389,0.11675349659532508,-0.07414008269205315,0.11474337861210543,-0.07370638221582375,0.11574843760371525,-0.07392323245393845,0.11574843760371525,-0.07392323245393845,0.002056373120215454,-0.9775064473751937,0.21090553653218239,-0.210905536532182,-0.9775064473751938,-7.581766163077331,-0.06494684214470747,0.0,0,0
390,0.11474337861210543,-0.07370638221582375,0.11274846990063309,-0.0732672137788293,0.11374592425636926,-0.07348679799732652,0.11374592425636926,-0.07348679799732652,0.0020426770873440536,-0.9766148177958854,0.2149965061611688,-0.2149965061611693,-0.9766148177958853,-7.562006124030689,-0.05940302333585068,0.0,0,0
391,0.11274846990063309,-0.0732672137788293,0.11076884921648833,-0.07282260429230446,0.11175865955856071,-0.07304490903556687,0.11175865955856071,-0.07304490903556687,0.002028934609247336,-0.9756946700609175,0.2191344583006454,-0.21913445830064546,-0.9756946700609175,-7.541708657196212,-0.053723488406928865,0.0,0,0
392,0.11076884921648833,-0.07282260429230446,0.10880459471170595,-0.07237258117522853,0.10978672196409714,-0.0725975927337665,0.10978672196409714,-0.0725975927337665,0.002015146785090508,-0.9747451249285342,0.22332026649647452,-0.22332026649647502,-0.974745124928534,-7.520861021727593,-0.047905899460243706,0.0,0,0
393,0.10880459471170595,-0.07237258117522853,0.10685578393169054,-0.07191717234388187,0.10783018932169824,-0.0721448767595552,0.10783018932169824,-0.0721448767595552,0.0020013147328625746,-0.9737652694076423,0.22755482876762229,-0.22755482876762276,-0.9737652694076422,-7.499450054329504,-0.04194787371015529,0.0,0,0
394,0.10685578393169054,-0.07191717234388187,0.1049224938121548,-0.07145640620119421,0.10588913887192267,-0.07168678927253805,0.10588913887192267,-0.07168678927253805,0.0019874395901616233,-0.9727541551985119,0.23183906820039943,-0.23183906820039948,-0.9727541551985118,-7.477462151566285,-0.0358469829296546,0.0,0,0
395,0.1049224938121548,-0.07145640620119421,0.10300480067608231,-0.0709903116258904,0.10396364724411855,-0.07122335891354231,0.10396364724411855,-0.07122335891354231,0.001973522515013996,-0.9717107970561382,0.23617393354162647,-0.2361739335416261,-0.9717107970561383,-7.454883251404703,-0.029600752972766653,0.0,0,0
396,0.10300480067608231,-0.0709903116258904,0.1011027802307145,-0.07051891796143726,0.10205379045339841,-0.07075461479366382,0.10205379045339841,-0.07075461479366382,0.0019595646867311333,-0.9706341710722884,0.24056039978934915,-0.24056039978934876,-0.9706341710722886,-7.431698813960001,-0.023206663384693016,0.0,0,0
397,0.1011027802307145,-0.07051891796143726,0.09921650756456168,-0.07004225500479581,0.1001596438976381,-0.07028058648311654,0.1001596438976381,-0.07028058648311654,0.0019455673068052523,-0.9695232128721385,0.2449994687791917,-0.24499946877919218,-0.9695232128721383,-7.407893801412055,-0.016662147112430414,0.0,0,0
398,0.09921650756456168,-0.07004225500479581,0.09734605714443906,-0.06956035299498385,0.09828128235450037,-0.06980130399988983,0.09828128235450037,-0.06980130399988983,0.0019315315998444656,-0.9683768157213907,0.24949216976350133,-0.2494921697635014,-0.9683768157213907,-7.383452657061486,-0.009964590331042356,0.0,0,0
399,0.09734605714443906,-0.06956035299498385,0.09549150281252627,-0.06907324260145291,0.09641877997848267,-0.06931679779821838,0.09641877997848267,-0.06931679779821838,0.001917458814551786,-0.9671938285393072,0.2540395599812698,-0.25403955998126987,-0.9671938285393072,-7.358359283491147,-0.003111332401248612,0.0,0,0
400,0.09549150281252627,-0.06907324260145291,0.09365291778345303,-0.0685809549122849,0.09457221029798965,-0.0688270987568689,0.09457221029798965,-0.0688270987568689,0.0019033502247454755,-0.9659730538131054,0.2586427252156598,-0.2586427252156603,-0.9659730538131053,-7.332597019799783,0.0039003340237748763,0.0,0,0
401,0.09365291778345303,-0.0685809549122849,0.09183037464140803,-0.06808352142221293,0.09274164621243053,-0.06833223816724891,0.09274164621243053,-0.06833223816724891,0.0018892071304281153,-0.9647132454089288,0.2633027803358178,-0.26330278033581783,-0.9647132454089288,-7.306148617874998,0.011073162722448404,0.0,0,0
402,0.09183037464140803,-0.06808352142221293,0.09002394533727381,-0.067580974020471,0.09092715998934092,-0.06783224772134197,0.09092715998934092,-0.06783224772134197,0.0018750308589013638,-0.9634131062742383,0.2680208698199139,-0.2680208698199144,-0.9634131062742382,-7.2789962176681415,0.018409953438874194,0.0,0,0
403,0.09002394533727381,-0.067580974020471,0.08823370118578627,-0.0670733449784786,0.08912882326153004,-0.06732715949947479,0.08912882326153004,-0.06732715949947479,0.0018608227659316385,-0.9620712860266617,0.27279816825449044,-0.27279816825449094,-0.9620712860266616,-7.251121321440367,0.02591355120207328,0.0,0,0
404,0.08823370118578627,-0.0670733449784786,0.08645971286271908,-0.06656066693736391,0.08734670702425268,-0.06681700595792125,0.08734670702425268,-0.06681700595792125,0.001846584236968334,-0.9606863784235852,0.27763588080681506,-0.2776358808068151,-0.9606863784235852,-7.2225047669412845,0.033586845405219834,0.0,0,0
405,0.08645971286271908,-0.06656066693736391,0.08470205040209366,-0.06604297289533206,0.08558088163240637,-0.06630181991634798,0.08558088163240637,-0.06630181991634798,0.0018323166884158099,-0.9592569187071397,0.28253524366436816,-0.28253524366436866,-0.9592569187071396,-7.193126699487675,0.041432768615487725,0.0,0,0
406,0.08470205040209366,-0.06604297289533206,0.08296078319341443,-0.06552029619488323,0.08383141679775405,-0.06578163454510765,0.08383141679775405,-0.06578163454510765,0.0018180215689627133,-0.9577813808186694,0.28749752443644283,-0.2874975244364429,-0.9577813808186694,-7.162966542907359,0.0494542950830299,0.0,0,0
407,0.08296078319341443,-0.06552029619488323,0.08123597997892912,-0.06499267050988607,0.08209838158617178,-0.06525648335238465,0.08209838158617178,-0.06525648335238465,0.0018037003609711894,-0.9562581744767227,0.2925240225117347,-0.29252402251173476,-0.9562581744767227,-7.132002969315306,0.05765443891413602,0.0,0,0
408,0.08123597997892912,-0.06499267050988607,0.07952770885091548,-0.06446012983251188,0.0803818444149223,-0.06472640017119898,0.0803818444149223,-0.06472640017119898,0.0017893545819269983,-0.9546856421123426,0.29761606936545626,-0.29761606936545676,-0.9546856421123424,-7.100213867686568,0.06603625187114437,0.0,0,0
409,0.07952770885091548,-0.06446012983251188,0.07783603724899246,-0.06392270846003563,0.07868187304995397,-0.06419141914627376,0.07868187304995397,-0.06419141914627376,0.0017749857859563403,-0.953062055655598,0.30277502880773677,-0.30277502880773727,-0.9530620556555979,-7.067576311199735,0.07460282075593638,0.0,0,0
410,0.07783603724899246,-0.06392270846003563,0.07616103195745838,-0.06338044098150857,0.07699853460322542,-0.0636515747207721,0.07699853460322542,-0.0636515747207721,0.0017605955654082725,-0.9513856131664499,0.30800229716659283,-0.3080022971665929,-0.9513856131664499,-7.034066523315379,0.0833572643327386,0.0,0,0
411,0.07616103195745838,-0.06338044098150857,0.07450275910265408,-0.06283336226430924,0.07533189553005623,-0.06310690162290891,0.07533189553005623,-0.06310690162290891,0.0017461855525095992,-0.9496544353038812,0.31329930339479933,-0.31329930339479944,-0.9496544353038812,-6.999659842567185,0.09230272973868758,0.0,0,0
412,0.07450275910265408,-0.06283336226430924,0.07286128415035242,-0.06228150744057803,0.07368202162650325,-0.06255743485244364,0.07368202162650325,-0.06255743485244364,0.0017317574210925554,-0.9478665616262012,0.31866750909203617,-0.3186675090920362,-0.9478665616262012,-6.964330686038613,0.10144238832791463,0.0,0,0
413,0.07286128415035242,-0.06228150744057803,0.0712366719031739,-0.06172491189354151,0.07204897802676316,-0.06200320966705977,0.07204897802676316,-0.06200320966705977,0.0017173128883995895,-0.9460199467160265,0.32410840843058397,-0.32410840843058364,-0.9460199467160267,-6.92805251150574,0.11077943088860664,0.0,0,0
414,0.0712366719031739,-0.06172491189354151,0.06962898649802818,-0.06116361124373217,0.07043282920060104,-0.061444261568636846,0.07043282920060104,-0.061444261568636846,0.001702853716968943,-0.944112456122995,0.32962352797305866,-0.32962352797305916,-0.9441124561229949,-6.890797778227931,0.1203170621677867,0.0,0,0
415,0.06962898649802818,-0.06116361124373217,0.06803829140358236,-0.060597641335110475,0.06883363895080527,-0.06088062628942133,0.06883363895080527,-0.06088062628942133,0.0016883817166029828,-0.9421418621177015,0.3352144263682428,-0.33521442636824245,-0.9421418621177016,-6.852537906378244,0.1300584946311718,0.0,0,0
416,0.06803829140358236,-0.060597641335110475,0.06646464941775498,-0.06002703822109401,0.06725147041066867,-0.06031233977810224,0.06725147041066867,-0.06031233977810224,0.0016738987464252502,-0.9401058392498483,0.3408826939114664,-0.3408826939114665,-0.9401058392498483,-6.813243235104336,0.14000694138079695,0.0,0,0
417,0.06646464941775498,-0.06002703822109401,0.06490812266523716,-0.059451838150501334,0.06568638604149607,-0.059739438185797675,0.06568638604149607,-0.059739438185797675,0.0016594067170267557,-0.9380019597044522,0.3466299519525213,-0.34662995195252133,-0.9380019597044522,-6.77288297922552,0.150165608144067,0.0,0,0
418,0.06490812266523716,-0.059451838150501334,0.06336877259503992,-0.05887207755341582,0.06413844763013854,-0.059161957851958574,0.06413844763013854,-0.059161957851958574,0.0016449075927082262,-0.935827688449537,0.35245785213440245,-0.3524578521344025,-0.935827688449537,-6.731425184574734,0.16053768424166415,0.0,0,0
419,0.06336877259503992,-0.05887207755341582,0.06184665997806821,-0.0582877930269761,0.06260771628655407,-0.058579935290195964,0.06260771628655407,-0.058579935290195964,0.0016304033938204913,-0.9335803781694664,0.3583680754433298,-0.3583680754433299,-0.9335803781694664,-6.688836682006601,0.17112633243290476,0.0,0,0
420,0.06184665997806821,-0.0582877930269761,0.060341844904721886,-0.057699021321099594,0.06109425244139505,-0.05799340717403785,0.06109425244139505,-0.05799340717403785,0.0016158961992068133,-0.9312572639783314,0.36436233104918025,-0.3643623310491803,-0.9312572639783313,-6.645083040104034,0.18193467752841241,0.0,0,0
421,0.060341844904721886,-0.057699021321099594,0.05885438678252336,-0.05710579932414541,0.05959811584362262,-0.0574024103226225,0.05959811584362262,-0.0574024103226225,0.0016013881487524115,-0.9288554579084126,0.3704423549133564,-0.3704423549133569,-0.9288554579084124,-6.600128516629256,0.19296579365053612,0.0,0,0
422,0.05885438678252336,-0.05710579932414541,0.05738434433377243,-0.05650816404852294,0.058119365558147895,-0.056806981686334176,0.058119365558147895,-0.056806981686334176,0.0015868814460437725,-0.9263719431693326,0.37660990813927714,-0.3766099081392772,-0.9263719431693326,-6.553936008779498,0.20422269001210724,0.0,0,0
423,0.05738434433377243,-0.05650816404852294,0.05593177559322776,-0.05590615261625291,0.056658059963500096,-0.05620715833238793,0.056658059963500096,-0.05620715833238793,0.0015723783611431886,-0.9238035681746388,0.38286677503774796,-0.382866775037748,-0.9238035681746388,-6.506467002328244,0.21570829507268907,0.0,0,0
424,0.05593177559322776,-0.05590615261625291,0.05449673790581605,-0.05529980224448734,0.055214256749521906,-0.055602977430370126,0.055214256749521906,-0.055602977430370126,0.0015578812334809719,-0.9211470403332506,0.3892147608779667,-0.38921476087796714,-0.9211470403332505,-6.457681519749806,0.22742543892087874,0.0,0,0
425,0.05449673790581605,-0.05529980224448734,0.05307928792436811,-0.05468915023099494,0.05378801291509208,-0.05499447623774114,0.05378801291509208,-0.05499447623774114,0.0015433924748712129,-0.9183989196048243,0.3956556892914487,-0.39565568929144873,-0.9183989196048243,-6.407538067450902,0.23937683371848983,0.0,0,0
426,0.05307928792436811,-0.05468915023099494,0.05167948160738206,-0.054074233939618355,0.05237938476587509,-0.054381692085306646,0.05237938476587509,-0.054381692085306646,0.0015289145726542035,-0.9155556118194236,0.40219139929386966,-0.4021913992938701,-0.9155556118194235,-6.355993582258083,0.25156505203,0.0,0,0
427,0.05167948160738206,-0.054074233939618355,0.05029737421681446,-0.05345509078571053,0.05098842791209826,-0.053764662362664445,0.05098842791209826,-0.053764662362664445,0.0015144500929685698,-0.9126133617638355,0.4088237418865382,-0.40882374188653825,-0.9126133617638355,-6.30300337734082,0.2639925028470502,0.0,0,0
428,0.05029737421681446,-0.05345509078571053,0.04893302031589858,-0.052831758221556044,0.04961519726635652,-0.05314342450363328,0.04961519726635652,-0.05314342450363328,0.0015000016841589844,-0.9095682460388993,0.4155545761963408,-0.41555457619634084,-0.9095682460388992,-6.248521087782611,0.2766614051041818,0.0,0,0
429,0.04893302031589858,-0.052831758221556044,0.04758647376699021,-0.05220427372178478,0.048259747041444395,-0.05251801597167041,0.048259747041444395,-0.05251801597167041,0.0014855720803213241,-0.9064161656949784,0.4223857651091161,-0.42238576510911613,-0.9064161656949784,-6.1924986160534425,0.28957375846692146,0.0,0,0
430,0.04758647376699021,-0.05220427372178478,0.04625778772944156,-0.051572674768784355,0.046922130748215884,-0.05188847424528457,0.046922130748215884,-0.05188847424528457,0.0014711641049889633,-0.90315283865536,0.4293191703485477,-0.4293191703485474,-0.9031528386553601,-6.134886077677525,0.30273131115909147,0.0,0,0
431,0.04625778772944156,-0.051572674768784355,0.04494701465750217,-0.05093699883811768,0.045602401193471864,-0.05125483680345101,0.045602401193471864,-0.05125483680345101,0.001456780674964616,-0.8997737919410714,0.4363566469483254,-0.43635664694832543,-0.8997737919410714,-6.075631747439705,0.31613552458083405,0.0,0,0
432,0.04494701465750217,-0.05093699883811768,0.04365420629824862,-0.05029728338395337,0.044300610477875396,-0.05061714111103552,0.044300610477875396,-0.05061714111103552,0.0014424248042974386,-0.8962743537145687,0.443500037061478,-0.44350003706147767,-0.8962743537145688,-6.014682006530672,0.3297875344530795,0.0,0,0
433,0.04365420629824862,-0.05029728338395337,0.042379413689541234,-0.04965356582451461,0.04301680999389493,-0.04997542460423399,0.04301680999389493,-0.04997542460423399,0.001428099608411392,-0.8926496451640774,0.450751163047248,-0.45075116304724766,-0.8926496451640775,-5.951981291088197,0.3436881082098542,0.0,0,0
434,0.042379413689541234,-0.04965356582451461,0.04112268715800943,-0.04900588352755409,0.04175105042377533,-0.04932972467603435,0.04175105042377533,-0.04932972467603435,0.0014138083083827233,-0.8888945722559749,0.45811181977096743,-0.4581118197709675,-0.8888945722559749,-5.887472042662462,0.3578375983443659,0.0,0,0
435,0.04112268715800943,-0.04900588352755409,0.03988407631706481,-0.04835427379586111,0.04050338173753712,-0.0486800786617076,0.04050338173753712,-0.0486800786617076,0.0013995542353701551,-0.8850038173883501,0.46558376604865404,-0.4655837660486537,-0.8850038173883503,-5.821094661207079,0.37223589140111657,0.0,0,0
436,0.03988407631706481,-0.04835427379586111,0.038663630064942556,-0.04769877385280829,0.03927385319100368,-0.0480265238243347,0.03927385319100368,-0.0480265238243347,0.0013853408351959839,-0.8809718309859806,0.4731687151632161,-0.4731687151632161,-0.8809718309859806,-5.7527874612832814,0.386882352292822,0.0,0,0
437,0.038663630064942556,-0.04769877385280829,0.03746139658277098,-0.047039420827943955,0.03806251332385677,-0.04736909734037612,0.03806251332385677,-0.04736909734037612,0.0013711716730782269,-0.8767928230843701,0.480868324375541,-0.48086832437554067,-0.8767928230843702,-5.682486632253894,0.40177576361024825,0.0,0,0
438,0.03746139658277098,-0.047039420827943955,0.03627742333266937,-0.046376251742637334,0.03686940995772017,-0.04670783628529064,0.03686940995772017,-0.04670783628529064,0.0013570504385108876,-0.8724607549597074,0.4886841833486503,-0.4886841833486504,-0.8724607549597074,-5.610126203347987,0.41691425958335204,0.0,0,0
439,0.03627742333266937,-0.046376251742637334,0.035111757055874326,-0.04570930349578332,0.03569459019427185,-0.04604277761921033,0.03569459019427185,-0.04604277761921033,0.0013429809502888935,-0.8679693308712161,0.4966178013996009,-0.49661780139960093,-0.8679693308712161,-5.535638014587944,0.43229525434605454,0.0,0,0
440,0.035111757055874326,-0.04570930349578332,0.033964443770894526,-0.04503861284957313,0.034538100413384426,-0.045373958172678225,0.034538100413384426,-0.045373958172678225,0.0013289671616729195,-0.8633119899934542,0.5046705934899932,-0.5046705934899933,-0.8633119899934542,-5.458951694690491,0.4479153641549458,0.0,0,0
441,0.033964443770894526,-0.04503861284957313,0.03283552877169399,-0.04436421641533814,0.03339998627129426,-0.04470141463245564,0.03339998627129426,-0.04470141463245564,0.0013150131656864978,-0.8584818986288937,0.5128438648619382,-0.5128438648619379,-0.8584818986288939,-5.379994647189441,0.46377032321379097,0.0,0,0
442,0.03283552877169399,-0.04436421641533814,0.03172505662590386,-0.043686150639472794,0.032280292698798924,-0.04402518352740546,0.032280292698798924,-0.04402518352740546,0.0013011232005369852,-0.8534719428043628,0.5211387942244815,-0.521138794224482,-0.8534719428043626,-5.2986920461672256,0.4798548927648295,0.0,0,0
443,0.03172505662590386,-0.043686150639472794,0.030633071173062965,-0.04300445178944394,0.03117906389948341,-0.04334530121445837,0.03117906389948341,-0.04334530121445837,0.001287301655148005,-0.8482747213708386,0.5295564153923794,-0.5295564153923797,-0.8482747213708383,-5.214966843139244,0.4961627631228771,0.0,0,0
444,0.030633071173062965,-0.04300445178944394,0.029559615522887273,-0.04231915593989296,0.03009634334797512,-0.042661803864668446,0.03009634334797512,-0.042661803864668446,0.0012735530747895504,-0.8428825397426617,0.5380975972785609,-0.5380975972785613,-0.8428825397426614,-5.1287397868005815,0.5126864483525634,0.0,0,0
445,0.029559615522887273,-0.04231915593989296,0.028504732053567794,-0.041630298958836846,0.029032173788227533,-0.0419747274493649,0.029032173788227533,-0.0419747274493649,0.0012598821667891174,-0.8372874044307732,0.5467630221417491,-0.5467630221417488,-0.8372874044307734,-5.039929457516807,0.5294171733246424,0.0,0,0
446,0.028504732053567794,-0.041630298958836846,0.027468462410097594,-0.04093791649397546,0.027986597231832694,-0.04128410772640616,0.027986597231832694,-0.04128410772640616,0.00124629380630146,-0.8314810185452707,0.5555531619916488,-0.555553161991649,-0.8314810185452707,-4.9484523186317295,0.5463447529336269,0.0,0,0
447,0.027468462410097594,-0.04093791649397546,0.026450847502627828,-0.04024204395911104,0.02695965495636271,-0.040589980226543254,0.02695965495636271,-0.040589980226543254,0.0012327930421134519,-0.8254547784640374,0.5644682530584754,-0.564468253058475,-0.8254547784640376,-4.854222786852424,0.5634574633223922,0.0,0,0
448,0.026450847502627828,-0.04024204395911104,0.0254519275048527,-0.03954271652068644,0.025951387503740264,-0.03989238023989874,0.025951387503740264,-0.03989238023989874,0.0012193851024547475,-0.8191997718884695,0.5735082682384619,-0.573508268238462,-0.8191997718884695,-4.757153324176418,0.5807419050379297,0.0,0,0
449,0.0254519275048527,-0.03954271652068644,0.024471741852423234,-0.03883996908444842,0.024961834678637967,-0.03919134280256743,0.024961834678637967,-0.03919134280256743,0.0012060754007804323,-0.8127067775324854,0.5826728874357922,-0.5826728874357918,-0.8127067775324857,-4.6571545540283505,0.598182858141999,0.0,0,0
450,0.024471741852423234,-0.03883996908444842,0.02351032924139057,-0.03813383628224276,0.023991035546906903,-0.03848690268334559,0.023991035546906903,-0.03848690268334559,0.0011928695414853475,-0.8059662667180886,0.5919614657327847,-0.5919614657327849,-0.8059662667180886,-4.554135404478921,0.6157631294222958,0.0,0,0
451,0.02351032924139057,-0.03813383628224276,0.022567727626678524,-0.03742435245894709,0.023039028434034547,-0.03777909437059493,0.023039028434034547,-0.03777909437059493,0.0011797733255062182,-0.7989684071790605,0.6013729993354832,-0.6013729993354832,-0.7989684071790605,-4.448003281619385,0.6334633919976416,0.0,0,0
452,0.022567727626678524,-0.03742435245894709,0.021643974220584783,-0.036711551659547446,0.022105850923631654,-0.03706795205924727,0.022105850923631654,-0.03706795205924727,0.001166792755760233,-0.791703069404011,0.6109060892610808,-0.6109060892610805,-0.7917030694040113,-4.338664276360002,0.6512620177869377,0.0,0,0
453,0.021643974220584783,-0.036711551659547446,0.020739105491312082,-0.035995467616365615,0.021191539855948432,-0.03635350963795653,0.021191539855948432,-0.03635350963795653,0.0011539340423591083,-0.7841598358800327,0.6205589027583122,-0.6205589027583125,-0.7841598358800324,-4.2260234080966494,0.6691349035206808,0.0,0,0
454,0.020739105491312082,-0.035995467616365615,0.019853157161528467,-0.03527613373644228,0.020296131326420275,-0.03563580067640395,0.020296131326420275,-0.03563580067640395,0.001141203607535452,-0.7763280136284465,0.6303291324821585,-0.6303291324821585,-0.7763280136284465,-4.109984908843059,0.6870552912179523,0.0,0,0
455,0.019853157161528467,-0.03527613373644228,0.018986164206957035,-0.034553583089083,0.01941966068424275,-0.03491485841276264,0.01941966068424275,-0.03491485841276264,0.0011286080902048446,-0.7681966504546958,0.6402139534797613,-0.6402139534797614,-0.7681966504546958,-3.990452551552362,0.7049935843331481,0.0,0,0
456,0.018986164206957035,-0.034553583089083,0.018138160854995145,-0.03382784839357215,0.01856216253097609,-0.03419071574132757,0.01856216253097609,-0.03419071574132757,0.0011161543500819346,-0.7597545553620247,0.6502099780891186,-0.6502099780891183,-0.759754555362025,-3.867330026422106,0.722917161100527,0.0,0,0
457,0.018138160854995145,-0.03382784839357215,0.01730918058336306,-0.03309896200706117,0.017723670719179102,-0.033463405200316654,0.017723670719179102,-0.033463405200316654,0.0011038494712578525,-0.7509903236058534,0.6603132089019389,-0.6603132089019389,-0.7509903236058534,-3.740521369003869,0.7407901869687425,0.0,0,0
458,0.01730918058336306,-0.03309896200706117,0.0164992561187825,-0.03236695591263708,0.01690421835107278,-0.03273295895984912,0.01690421835107278,-0.03273295895984912,0.001091700765136724,-0.7418923668878471,0.6705189900021833,-0.6705189900021833,-0.7418923668878471,-3.609931443882735,0.7585734284266248,0.0,0,0
459,0.0164992561187825,-0.03236695591263708,0.015708419435684462,-0.03163186170757645,0.016103837777233482,-0.031999408810106766,0.016103837777233482,-0.031999408810106766,0.001079715772621306,-0.7324489492063885,0.6808219567599574,-0.6808219567599574,-0.7324489492063885,-3.475466487552423,0.7762240709726386,0.0,0,0
460,0.015708419435684462,-0.03163186170757645,0.014936701754947102,-0.030893710591791117,0.015322560595315782,-0.03126278614968379,0.015322560595315782,-0.03126278614968379,0.001067902265424035,-0.7226482288909951,0.6912159845379069,-0.6912159845379069,-0.7226482288909951,-3.3370347138623386,0.7936955444727234,0.0,0,0
461,0.014936701754947102,-0.030893710591791117,0.014184133542663013,-0.030152533356470494,0.014560417648805057,-0.030523121974130804,0.014560417648805057,-0.030523121974130804,0.0010562682463739932,-0.7124783073499932,0.7016941367545325,-0.7016941367545325,-0.7124783073499932,-3.1945469850353883,0.8109373596799656,0.0,0,0
462,0.014184133542663013,-0.030152533356470494,0.01345074450893674,-0.029408360372926823,0.013817439025799877,-0.02978044686469866,0.013817439025799877,-0.02978044686469866,0.0010448219485760459,-0.7019272850515678,0.712248612845357,-0.712248612845357,-0.7019272850515677,-3.0479175507267273,0.8278949602479686,0.0,0,0
463,0.01345074450893674,-0.029408360372926823,0.012736563606711437,-0.028661221581647578,0.013093654057824089,-0.0290347909772872,0.013093654057824089,-0.0290347909772872,0.001033571833274088,-0.690983325235328,0.7228706967686053,-0.7228706967686054,-0.6909833252353279,-2.8970648568918844,0.84450959514756,0.0,0,0
464,0.012736563606711437,-0.028661221581647578,0.012041619030626283,-0.02791114648156174,0.01238909131866886,-0.02828618403160466,0.01238909131866886,-0.02828618403160466,0.0010225265862553188,-0.67963472581204,0.7335507068160955,-0.7335507068160955,-0.6796347258120399,-2.7419124253315688,0.8607182169799495,0.0,0,0
465,0.012041619030626283,-0.02791114648156174,0.01136593821590326,-0.027158164119523844,0.011703778623264771,-0.02753465530054279,0.011703778623264771,-0.02753465530054279,0.0010116951126327221,-0.6678699998507522,0.744277947610539,-0.744277947610539,-0.6678699998507521,-2.582389803664225,0.8764534122495096,0.0,0,0
466,0.01136593821590326,-0.027158164119523844,0.010709547837263966,-0.026402303080021467,0.011037743026583613,-0.026780233599772656,0.011037743026583613,-0.026780233599772656,0.0010010865298303883,-0.6556779649712237,0.7550406652963765,-0.7550406652963765,-0.6556779649712237,-2.418433584115848,0.8916433701938935,0.0,0,0
467,0.010709547837263966,-0.026402303080021467,0.01007247380787657,-0.025643591475111093,0.010391010822570268,-0.02602294727756628,0.010391010822570268,-0.02602294727756628,0.00099071015859613,-0.6430478418533149,0.7658260070589104,-0.7658260070589104,-0.6430478418533148,-2.249988487899537,0.9062118972389757,0.0,0,0
468,0.01007247380787657,-0.025643591475111093,0.009454741278332957,-0.024882056934587397,0.009763607543104763,-0.025262824204849245,0.009763607543104763,-0.025262824204849245,0.0009805755118638178,-0.6299693619407903,0.7766199862325934,-0.7766199862325934,-0.6299693619407902,-2.0770085100711753,0.9200784845175131,0.0,0,0
469,0.009454741278332957,-0.024882056934587397,0.00885637463565564,-0.024117726596390075,0.009155557956994298,-0.024499891765488738,0.009155557956994298,-0.024499891765488738,0.0009706922812909123,-0.6164328842520066,0.7874074543797209,-0.7874074543797209,-0.6164328842520065,-1.8994581175844092,0.9331584361247068,0.0,0,0
470,0.00885637463565564,-0.024117726596390075,0.008277397502335138,-0.023350627097253638,0.008566886068995389,-0.02373417684682186,0.008566886068995389,-0.02373417684682186,0.0009610703212998512,-0.6024295210130234,0.7981720818294882,-0.7981720818294882,-0.6024295210130234,-1.7173134908352652,0.9453630658367489,0.0,0,0
471,0.008277397502335138,-0.023350627097253638,0.007717832735397334,-0.022580784563604104,0.007997615118866236,-0.02296570583042887,0.007997615118866236,-0.02296570583042887,0.00095171963046587,-0.5879512715986479,0.8088963482582505,-0.8088963482582506,-0.5879512715986479,-1.5305637963010161,0.9565999698422203,0.0,0,0
472,0.007717832735397334,-0.022580784563604104,0.007177702425500976,-0.021808224602707118,0.007447767580449155,-0.02219450458315561,0.007447767580449155,-0.02219450458315561,0.0009426503301064975,-0.5729911640038744,0.8195615449577202,-0.8195615449577202,-0.5729911640038743,-1.3392124749675471,0.9667733825809105,0.0,0,0
473,0.007177702425500976,-0.021808224602707118,0.006657027896065981,-0.0210329722940726,0.0069173651607834785,-0.02142059844838986,0.0069173651607834785,-0.02142059844838986,0.0009338726399491007,-0.557543402774251,0.8301477904704134,-0.8301477904704134,-0.557543402774251,-1.1432785281548499,0.9757846219996239,0.0,0,0
474,0.006657027896065981,-0.0210329722940726,0.006155829702431115,-0.020255052181118192,0.006406428799248548,-0.020644012237595398,0.006406428799248548,-0.020644012237595398,0.0009253968507844898,-0.5416035220024621,0.8406340612624073,-0.8406340612624073,-0.541603522002462,-0.9427977791566701,0.9835326293721375,0.0,0,0
475,0.006155829702431115,-0.020255052181118192,0.005674127631042969,-0.019474488263098052,0.005914978666737042,-0.01986477022210812,0.005914978666737042,-0.01986477022210812,0.000917233294039517,-0.5251685416550012,0.8509982390439826,-0.8509982390439826,-0.525168541655001,-0.7378240858911405,0.989914607249133,0.0,0,0
476,0.005674127631042969,-0.019474488263098052,0.005211940698674533,-0.018691303987298548,0.005443034164858751,-0.019082896125198298,0.005443034164858751,-0.019082896125198298,0.0009093923082541102,-0.5082371251366329,0.8612171762295795,-0.8612171762295795,-0.5082371251366328,-0.528430476624839,0.9948267570719836,0.0,0,0
477,0.005211940698674533,-0.018691303987298548,0.004769287151674406,-0.017905522241505958,0.00499061392517447,-0.01829841311440225,0.00499061392517447,-0.01829841311440225,0.0009018842024853548,-0.490809735640441,0.8712667808430208,-0.8712667808430208,-0.49080973564044095,-0.31471017789842226,0.9981651154855639,0.0,0,0
478,0.004769287151674406,-0.017905522241505958,0.004346184465246705,-0.017117165346750125,0.004557735808460556,-0.01751134379412804,0.004557735808460556,-0.01751134379412804,0.0008947192167218697,-0.47288878848259464,0.8811221219147003,-0.8811221219147003,-0.4728887884825946,-0.09677750119158401,0.9998264854224285,0.0,0,0
479,0.004346184465246705,-0.017117165346750125,0.003942649342761062,-0.016326255050326387,0.004144416904003884,-0.016721710198538256,0.004144416904003884,-0.016721710198538256,0.0008879074794530054,-0.4544787962978313,0.8907575560811564,-0.8907575560811564,-0.4544787962978312,0.12523144724346613,0.9997094546309858,0.0,0,0
480,0.003942649342761062,-0.016326255050326387,0.003558697715093151,-0.015532812519099845,0.0037506735289271065,-0.015929533784713117,0.0037506735289271065,-0.015929533784713117,0.0008814589626000863,-0.43558650369309165,0.9001468756822012,-0.9001468756822013,-0.4355865036930916,0.35115827043018266,0.997715490538036,0.0,0,0
481,0.003558697715093151,-0.015532812519099845,0.0031943447399958025,-0.01473685833309543,0.0033765212275444767,-0.015134835426097637,0.0033765212275444767,-0.015134835426097637,0.000875383434090593,-0.4162210077414394,0.909263478159494,-0.909263478159494,-0.41622100774143933,0.5808220363742713,0.9937500962554858,0.0,0,0
482,0.0031943447399958025,-0.01473685833309543,0.002849604801500538,-0.01393841247937629,0.0030219747707481703,-0.014337635406235859,0.0030219747707481703,-0.014337635406235859,0.0008696904084299227,-0.39639386056658177,0.9180805559999196,-0.9180805559999197,-0.3963938605665815,0.8140193230829929,0.9877240082754295,0.0,0,0
483,0.002849604801500538,-0.01393841247937629,0.002524491509349913,-0.013137494346214475,0.0026870481554252257,-0.013537953412795383,0.0026870481554252257,-0.013537953412795383,0.0008643890956973159,-0.3761191502402644,0.926571305848903,-0.9265713058489031,-0.3761191502402643,1.0505245895362423,0.9795544120860963,0.0,0,0
484,0.002524491509349913,-0.013137494346214475,0.002219017698460002,-0.012334122717555062,0.0023717546039049575,-0.012735808531884768,0.0023717546039049575,-0.012735808531884768,0.0008594883494698946,-0.3554135563074451,0.9347091547603964,-0.9347091547603964,-0.35541355630744503,1.2900909073886266,0.9691661477397093,0.0,0,0
485,0.002219017698460002,-0.012334122717555062,0.0019331954284137476,-0.01152831576777799,0.0020761065634368747,-0.011931219242666526,0.0020761065634368747,-0.011931219242666526,0.0008549966142409119,-0.33429637648333227,0.9424680008732997,-0.9424680008732998,-0.334296376483332,1.5324510856337639,0.9564928734722677,0.0,0,0
486,0.0019331954284137476,-0.01152831576777799,0.0016670359829850656,-0.010720091056760061,0.0018001157056994066,-0.011124203412269025,0.0018001157056994066,-0.011124203412269025,0.000850921872965384,-0.31278952144118805,0.9498224651357708,-0.9498224651357708,-0.312789521441188,1.7773192175654329,0.9414781519575085,0.0,0,0
487,0.0016670359829850656,-0.010720091056760061,0.001420549869693033,-0.009909465525237396,0.0015437929263390493,-0.010314778290998729,0.0015437929263390493,-0.010314778290998729,0.0008472715954180312,-0.29091747513431054,0.9567481500695352,-0.9567481500695352,-0.2909174751343105,2.0243926767110283,0.92407642076728,0.0,0,0
488,0.001420549869693033,-0.009909465525237396,0.0011937468193873868,-0.00909645549047415,0.00130714834454021,-0.009502960507855773,0.00130714834454021,-0.009502960507855773,0.0008440526880791739,-0.2687072187659115,0.9632219010088426,-0.9632219010088426,-0.26870721876591125,2.2733545869406813,0.9042538061096286,0.0,0,0
489,0.0011937468193873868,-0.00909645549047415,0.0009866357858642205,-0.008281076642236247,0.0010901913026258037,-0.0086887660663552,0.0010901913026258037,-0.0086887660663552,0.0008412714463006603,-0.24618811732396206,0.9692220647965476,-0.9692220647965477,-0.24618811732396179,2.523876793211349,0.8819887367622435,0.0,0,0
490,0.0009866357858642205,-0.008281076642236247,0.0007992249455124889,-0.007463344039073752,0.0008929303656883547,-0.007872210340655,0.0008929303656883547,-0.007872210340655,0.0008389335094965823,-0.22339176851356318,0.9747287406044733,-0.9747287406044732,-0.22339176851356335,2.775623365879857,0.8572723128765976,0.0,0,0
491,0.0007992249455124889,-0.007463344039073752,0.0006315216969912663,-0.006643272104913662,0.0007153733212518776,-0.007053308071993707,0.0007153733212518776,-0.007053308071993707,0.0008370438200964402,-0.2003518149168112,0.9797240173944598,-0.9797240173944598,-0.20035181491681112,3.028254687424157,0.830108381087753,0.0,0,0
492,0.0006315216969912663,-0.006643272104913662,0.0004835326609376467,-0.005820874625964202,0.0005575271789644565,-0.006232073365438932,0.0005575271789644565,-0.006232073365438932,0.0008356065869621351,-0.1771037212519311,0.984192192571511,-0.984192192571511,-0.17710372125193105,3.2814322032268057,0.8005132613595539,0.0,0,0
493,0.0004835326609376467,-0.005820874625964202,0.00035526367970539763,-0.004996164747932601,0.00041939817032152216,-0.0054085196869484015,0.00041939817032152216,-0.0054085196869484015,0.00083462525391295,-0.15368451964625945,0.9881199666139221,-0.9881199666139221,-0.15368451964625962,3.5348239819958693,0.7685150587851295,0.0,0,0
494,0.00035526367970539763,-0.004996164747932601,0.0002467198171342,-0.004169154973556476,0.0003009917484197988,-0.004582659860744539,0.0003009917484197988,-0.004582659860744539,0.0008341024739296271,-0.13013252683429335,0.9914966088997591,-0.9914966088997591,-0.1301325268342933,3.7881113555185784,0.7341524681482797,0.0,0,0
495,0.0002467198171342,-0.004169154973556476,0.00015790535835003006,-0.003339857160454048,0.00020231258774211502,-0.003754506067005262,0.00020231258774211502,-0.003754506067005262,0.00083404008950745,-0.10648703809503936,0.9943140905758832,-0.9943140905758832,-0.10648703809503929,4.040997157003513,0.6974729250539502,0.0,0,0
496,0.00015790535835003006,-0.003339857160454048,8.882380959551739e-05,-0.002508282519284993,0.00012336458397277372,-0.0029240698398695208,0.00012336458397277372,-0.0029240698398695208,0.0008344391195370483,-0.08278800350688192,0.9965671811149234,-0.9965671811149234,-0.08278800350688185,4.293216615272385,0.6585298373266377,0.0,0,0
497,8.882380959551739e-05,-0.002508282519284993,3.947789809194413e-05,-0.0016744416122360698,6.415085384373076e-05,-0.0020913620657605314,6.415085384373076e-05,-0.0020913620657605314,0.0008352997529332148,-0.059075692684322674,0.9982535061465436,-0.9982535061465436,-0.05907569268432261,4.544553253615188,0.6173783393198959,0.0,0,0
498,3.947789809194413e-05,-0.0016744416122360698,9.869571931442334e-06,-0.0008383443518214772,2.4673735011693232e-05,-0.0012563929820287735,2.4673735011693232e-05,-0.0012563929820287735,0.000836621349148355,-0.0353903545380975,0.9993735651925499,-0.9993735651925498,-0.03539035453809767,4.794865628591816,0.5740682246342661,0.0,0,0
499,9.869571931442334e-06,-0.0008383443518214772,0.0,2.6720999999999998e-08,4.934785965721167e-06,-0.0004191588154107386,4.934785965721167e-06,-0.0004191588154107386,0.0008384291646847362,-0.011771503601205763,0.9999307134511705,-0.9999307134511705,-0.011771503601205924,5.044142684375884,0.5286300587635575,0.0,0,0
500,0.0,2.6720999999999998e-08,9.869571931442334e-06,0.0008383443518214772,4.934785965721167e-06,0.0004191855364107386,4.934785965721167e-06,0.0004191855364107386,0.000838375726387784,0.011772253920048764,0.9999307046178959,-0.9999307046178959,0.011772253920048827,5.292333112770428,0.4811025906370392,0.0,0,0
501,9.869571931442334e-06,0.0008383443518214772,3.947789809194413e-05,0.0016744416122360698,2.4673735011693232e-05,0.0012563929820287735,2.4673735011693232e-05,0.0012563929820287735,0.000836621349148355,0.03539035453809763,0.9993735651925498,-0.9993735651925498,0.03539035453809791,5.539237100888447,0.4315568091719014,0.0,0,0
502,3.947789809194413e-05,0.0016744416122360698,8.882380959551739e-05,0.002508282519284993,6.415085384373076e-05,0.0020913620657605314,6.415085384373076e-05,0.0020913620657605314,0.0008352997529332148,0.05907569268432257,0.9982535061465436,-0.9982535061465436,0.059075692684322854,5.783717494200379,0.3802717383134293,0.0,0,0
503,8.882380959551739e-05,0.002508282519284993,0.00015790535835003006,0.003339857160454048,0.00012336458397277372,0.0029240698398695208,0.00012336458397277372,0.0029240698398695208,0.0008344391195370483,0.08278800350688204,0.9965671811149234,-0.9965671811149234,0.0827880035068821,6.02511875541332,0.3274595949350547,0.0,0,0
504,0.00015790535835003006,0.003339857160454048,0.0002467198171342,0.004169154973556476,0.00020231258774211502,0.003754506067005262,0.00020231258774211502,0.003754506067005262,0.00083404008950745,0.10648703809503948,0.9943140905758832,-0.9943140905758832,0.10648703809503954,6.262955568703698,0.2733156288133367,0.0,0,0
505,0.0002467198171342,0.004169154973556476,0.00035526367970539763,0.004996164747932601,0.0003009917484197988,0.004582659860744539,0.0003009917484197988,0.004582659860744539,0.0008341024739296271,0.13013252683429324,0.9914966088997591,-0.9914966088997592,0.1301325268342931,6.4968017372216735,0.21803667296718732,0.0,0,0
506,0.00035526367970539763,0.004996164747932601,0.0004835326609376467,0.005820874625964202,0.00041939817032152216,0.0054085196869484015,0.00041939817032152216,0.0054085196869484015,0.00083462525391295,0.15368451964625937,0.9881199666139221,-0.9881199666139221,0.15368451964625943,6.726269289553191,0.1618231540743602,0.0,0,0
507,0.0004835326609376467,0.005820874625964202,0.0006315216969912663,0.006643272104913662,0.0005575271789644565,0.006232073365438932,0.0005575271789644565,0.006232073365438932,0.0008356065869621351,0.17710372125193122,0.984192192571511,-0.984192192571511,0.17710372125193127,6.951002182471411,0.10487845949788344,0.0,0,0
508,0.0006315216969912663,0.006643272104913662,0.0007992249455124889,0.007463344039073752,0.0007153733212518776,0.007053308071993707,0.0007153733212518776,0.007053308071993707,0.0008370438200964402,0.2003518149168113,0.9797240173944598,-0.9797240173944598,0.20035181491681137,7.170674677835745,0.04740741218991673,0.0,0,0
509,0.0007992249455124889,0.007463344039073752,0.0009866357858642205,0.008281076642236247,0.0008929303656883547,0.007872210340655,0.0008929303656883547,0.007872210340655,0.0008389335094965823,0.2233917685135631,0.9747287406044733,-0.9747287406044733,0.22339176851356315,7.384991433471193,-0.010385605187773095,0.0,0,0
510,0.0009866357858642205,0.008281076642236247,0.0011937468193873868,0.00909645549047415,0.0010901913026258037,0.0086887660663552,0.0010901913026258037,0.0086887660663552,0.0008412714463006603,0.24618811732396217,0.9692220647965476,-0.9692220647965476,0.24618811732396204,7.593688177174101,-0.06829864519522477,0.0,0,0
511,0.0011937468193873868,0.00909645549047415,0.001420549869693033,0.009909465525237396,0.00130714834454021,0.009502960507855773,0.00130714834454021,0.009502960507855773,0.0008440526880791739,0.2687072187659114,0.9632219010088426,-0.9632219010088426,0.26870721876591147,7.796532460133312,-0.12613418273913335,0.0,0,0
512,0.001420549869693033,0.009909465525237396,0.0016670359829850656,0.010720091056760061,0.0015437929263390493,0.010314778290998729,0.0015437929263390493,0.010314778290998729,0.0008472715954180312,0.29091747513431043,0.9567481500695352,-0.9567481500695353,0.2909174751343103,7.993324244582313,-0.1837010122079077,0.0,0,0
513,0.0016670359829850656,0.010720091056760061,0.0019331954284137476,0.01152831576777799,0.0018001157056994066,0.011124203412269025,0.0018001157056994066,0.011124203412269025,0.000850921872965384,0.31278952144118816,0.9498224651357707,-0.9498224651357707,0.3127895214411882,8.183896203457742,-0.24081599631633588,0.0,0,0
514,0.0019331954284137476,0.01152831576777799,0.002219017698460002,0.012334122717555062,0.0020761065634368747,0.011931219242666526,0.0020761065634368747,0.011931219242666526,0.0008549966142409119,0.33429637648333216,0.9424680008732998,-0.9424680008732997,0.3342963764833322,8.368113675787741,-0.29730562426438967,0.0,0,0
515,0.002219017698460002,0.012334122717555062,0.002524491509349913,0.013137494346214475,0.0023717546039049575,0.012735808531884768,0.0023717546039049575,0.012735808531884768,0.0008594883494698946,0.355413556307445,0.9347091547603964,-0.9347091547603963,0.35541355630744526,8.54587426060877,-0.3530073493395316,0.0,0,0
516,0.002524491509349913,0.013137494346214475,0.002849604801500538,0.01393841247937629,0.0026870481554252257,0.013537953412795383,0.0026870481554252257,0.013537953412795383,0.0008643890956973159,0.3761191502402645,0.926571305848903,-0.926571305848903,0.37611915024026454,8.717107057130166,-0.40777068691797824,0.0,0,0
517,0.002849604801500538,0.01393841247937629,0.0031943447399958025,0.01473685833309543,0.0030219747707481703,0.014337635406235859,0.0030219747707481703,0.014337635406235859,0.0008696904084299227,0.39639386056658166,0.9180805559999196,-0.9180805559999196,0.3963938605665817,8.88177157542963,-0.4614580635014003,0.0,0,0
518,0.0031943447399958025,0.01473685833309543,0.003558697715093151,0.015532812519099845,0.0033765212275444767,0.015134835426097637,0.0033765212275444767,0.015134835426097637,0.000875383434090593,0.4162210077414393,0.909263478159494,-0.9092634781594939,0.41622100774143955,9.039856353003305,-0.5139454160642367,0.0,0,0
519,0.003558697715093151,0.015532812519099845,0.003942649342761062,0.016326255050326387,0.0037506735289271065,0.015929533784713117,0.0037506735289271065,0.015929533784713117,0.0008814589626000863,0.43558650369309154,0.9001468756822013,-0.9001468756822012,0.4355865036930918,9.191377319530218,-0.5651225485259936,0.0,0,0
520,0.003942649342761062,0.016326255050326387,0.004346184465246705,0.017117165346750125,0.004144416904003884,0.016721710198538256,0.004144416904003884,0.016721710198538256,0.0008879074794530054,0.45447879629783117,0.8907575560811564,-0.8907575560811563,0.45447879629783144,9.336375956139138,-0.6148932585068645,0.0,0,0
521,0.004346184465246705,0.017117165346750125,0.004769287151674406,0.017905522241505958,0.004557735808460556,0.01751134379412804,0.004557735808460556,0.01751134379412804,0.0008947192167218697,0.47288878848259475,0.8811221219147002,-0.8811221219147002,0.47288878848259475,9.47491729691055,-0.6631752526056383,0.0,0,0
522,0.004769287151674406,0.017905522241505958,0.005211940698674533,0.018691303987298548,0.00499061392517447,0.01829841311440225,0.00499061392517447,0.01829841311440225,0.0009018842024853548,0.4908097356404409,0.8712667808430208,-0.8712667808430209,0.4908097356404408,9.607087819792069,-0.7098998722349565,0.0,0,0
523,0.005211940698674533,0.018691303987298548,0.005674127631042969,0.019474488263098052,0.005443034164858751,0.019082896125198298,0.005443034164858751,0.019082896125198298,0.0009093923082541102,0.508237125136633,0.8612171762295795,-0.8612171762295794,0.508237125136633,9.732993271966741,-0.7550116545925294,0.0,0,0
524,0.005674127631042969,0.019474488263098052,0.006155829702431115,0.020255052181118192,0.005914978666737042,0.01986477022210812,0.005914978666737042,0.01986477022210812,0.000917233294039517,0.525168541655001,0.8509982390439826,-0.8509982390439828,0.5251685416550009,9.852756471372354,-0.7984677547229297,0.0,0,0
525,0.006155829702431115,0.020255052181118192,0.006657027896065981,0.0210329722940726,0.006406428799248548,0.020644012237595398,0.006406428799248548,0.020644012237595398,0.0009253968507844898,0.5416035220024619,0.8406340612624074,-0.8406340612624074,0.5416035220024619,9.966515121863825,-0.8402372549544068,0.0,0,0
526,0.006657027896065981,0.0210329722940726,0.007177702425500976,0.021808224602707118,0.0069173651607834785,0.02142059844838986,0.0069173651607834785,0.02142059844838986,0.0009338726399491007,0.5575434027742511,0.8301477904704133,-0.8301477904704133,0.5575434027742511,10.07441967475211,-0.8803003874310253,0.0,0,0
527,0.007177702425500976,0.021808224602707118,0.007717832735397334,0.022580784563604104,0.007447767580449155,0.02219450458315561,0.007447767580449155,0.02219450458315561,0.0009426503301064975,0.5729911640038743,0.8195615449577202,-0.8195615449577203,0.5729911640038742,10.176631264413098,-0.9186476941688593,0.0,0,0
528,0.007717832735397334,0.022580784563604104,0.008277397502335138,0.023350627097253638,0.007997615118866236,0.02296570583042887,0.007997615118866236,0.02296570583042887,0.00095171963046587,0.5879512715986478,0.8088963482582506,-0.8088963482582507,0.5879512715986477,10.273319740566846,-0.9552791472152857,0.0,0,0
529,0.008277397502335138,0.023350627097253638,0.00885637463565564,0.024117726596390075,0.008566886068995389,0.02373417684682186,0.008566886068995389,0.02373417684682186,0.0009610703212998512,0.6024295210130234,0.7981720818294882,-0.7981720818294881,0.6024295210130236,10.364661814872095,-0.9902032492479882,0.0,0,0
530,0.00885637463565564,0.024117726596390075,0.009454741278332957,0.024882056934587397,0.009155557956994298,0.024499891765488738,0.009155557956994298,0.024499891765488738,0.0009706922812909123,0.6164328842520065,0.7874074543797209,-0.7874074543797208,0.6164328842520067,10.450839334807688,-1.0234361324653904,0.0,0,0
531,0.009454741278332957,0.024882056934587397,0.01007247380787657,0.025643591475111093,0.009763607543104763,0.025262824204849245,0.009763607543104763,0.025262824204849245,0.0009805755118638178,0.6299693619407903,0.7766199862325934,-0.7766199862325933,0.6299693619407905,10.53203769353011,-1.0550006710264794,0.0,0,0
532,0.01007247380787657,0.025643591475111093,0.010709547837263966,0.026402303080021467,0.010391010822570268,0.02602294727756628,0.010391010822570268,0.02602294727756628,0.00099071015859613,0.6430478418533149,0.7658260070589104,-0.7658260070589102,0.643047841853315,10.608444380570612,-1.08492561970494,0.0,0,0
533,0.010709547837263966,0.026402303080021467,0.01136593821590326,0.027158164119523844,0.011037743026583613,0.026780233599772656,0.011037743026583613,0.026780233599772656,0.0010010865298303883,0.6556779649712238,0.7550406652963764,-0.7550406652963763,0.6556779649712239,10.680247674910069,-1.1132447889213744,0.0,0,0
534,0.01136593821590326,0.027158164119523844,0.012041619030626283,0.02791114648156174,0.011703778623264771,0.02753465530054279,0.011703778623264771,0.02753465530054279,0.0010116951126327221,0.6678699998507523,0.7442779476105389,-0.7442779476105389,0.6678699998507523,10.747635479152212,-1.139996263973365,0.0,0,0
535,0.012041619030626283,0.02791114648156174,0.012736563606711437,0.028661221581647578,0.01238909131866886,0.02828618403160466,0.01238909131866886,0.02828618403160466,0.0010225265862553188,0.6796347258120399,0.7335507068160956,-0.7335507068160957,0.6796347258120398,10.810794291198146,-1.1652216741439232,0.0,0,0
536,0.012736563606711437,0.028661221581647578,0.01345074450893674,0.029408360372926823,0.013093654057824089,0.0290347909772872,0.013093654057824089,0.0290347909772872,0.001033571833274088,0.6909833252353278,0.7228706967686054,-0.7228706967686055,0.6909833252353278,10.86990830798317,-1.1889655154639795,0.0,0,0
537,0.01345074450893674,0.029408360372926823,0.014184133542663013,0.030152533356470494,0.013817439025799877,0.02978044686469866,0.013817439025799877,0.02978044686469866,0.0010448219485760459,0.7019272850515679,0.7122486128453568,-0.7122486128453569,0.7019272850515679,10.925158654430325,-1.211274529246618,0.0,0,0
538,0.014184133542663013,0.030152533356470494,0.014936701754947102,0.030893710591791117,0.014560417648805057,0.030523121974130804,0.014560417648805057,0.030523121974130804,0.0010562682463739932,0.7124783073499931,0.7016941367545326,-0.7016941367545327,0.7124783073499931,10.976722729762127,-1.23219713710239,0.0,0,0
539,0.014936701754947102,0.030893710591791117,0.015708419435684462,0.03163186170757645,0.015322560595315782,0.03126278614968379,0.015322560595315782,0.03126278614968379,0.001067902265424035,0.7226482288909952,0.6912159845379068,-0.6912159845379067,0.7226482288909952,11.024773662644789,-1.251782931978576,0.0,0,0
540,0.015708419435684462,0.03163186170757645,0.0164992561187825,0.03236695591263708,0.016103837777233482,0.031999408810106766,0.016103837777233482,0.031999408810106766,0.001079715772621306,0.7324489492063885,0.6808219567599574,-0.6808219567599573,0.7324489492063886,11.069479866264455,-1.2700822238243186,0.0,0,0
541,0.0164992561187825,0.03236695591263708,0.01730918058336306,0.03309896200706117,0.01690421835107278,0.03273295895984912,0.01690421835107278,0.03273295895984912,0.001091700765136724,0.7418923668878472,0.6705189900021832,-0.6705189900021832,0.7418923668878473,11.111004684309231,-1.2871456377505774,0.0,0,0
542,0.01730918058336306,0.03309896200706117,0.018138160854995145,0.03382784839357215,0.017723670719179102,0.033463405200316654,0.017723670719179102,0.033463405200316654,0.0011038494712578525,0.7509903236058535,0.6603132089019388,-0.6603132089019387,0.7509903236058535,11.149506118907292,-1.303023762006314,0.0,0,0
543,0.018138160854995145,0.03382784839357215,0.018986164206957035,0.034553583089083,0.01856216253097609,0.03419071574132757,0.01856216253097609,0.03419071574132757,0.0011161543500819346,0.7597545553620249,0.6502099780891185,-0.6502099780891184,0.7597545553620249,11.185136631804745,-1.3177668427053177,0.0,0,0
544,0.018986164206957035,0.034553583089083,0.019853157161528467,0.03527613373644228,0.01941966068424275,0.03491485841276264,0.01941966068424275,0.03491485841276264,0.0011286080902048446,0.7681966504546958,0.6402139534797613,-0.6402139534797612,0.7681966504546959,11.218043010424852,-1.3314245219904657,0.0,0,0
545,0.019853157161528467,0.03527613373644228,0.020739105491312082,0.035995467616365615,0.020296131326420275,0.03563580067640395,0.020296131326420275,0.03563580067640395,0.001141203607535452,0.7763280136284465,0.6303291324821586,-0.6303291324821584,0.7763280136284467,11.248366290896385,-1.3440456161900625,0.0,0,0
546,0.020739105491312082,0.035995467616365615,0.021643974220584783,0.036711551659547446,0.021191539855948432,0.03635350963795653,0.021191539855948432,0.03635350963795653,0.0011539340423591083,0.7841598358800326,0.6205589027583122,-0.6205589027583119,0.7841598358800328,11.276241730646728,-1.3556779304839273,0.0,0,0
547,0.021643974220584783,0.036711551659547446,0.022567727626678524,0.03742435245894709,0.022105850923631654,0.03706795205924727,0.022105850923631654,0.03706795205924727,0.001166792755760233,0.7917030694040113,0.6109060892610806,-0.6109060892610807,0.7917030694040111,11.301798823701168,-1.3663681066361333,0.0,0,0
548,0.022567727626678524,0.03742435245894709,0.02351032924139057,0.03813383628224276,0.023039028434034547,0.03777909437059493,0.023039028434034547,0.03777909437059493,0.0011797733255062182,0.7989684071790606,0.601372999335483,-0.601372999335483,0.7989684071790606,11.325161352390927,-1.3761615004483914,0.0,0,0
549,0.02351032924139057,0.03813383628224276,0.024471741852423234,0.03883996908444842,0.023991035546906903,0.03848690268334559,0.023991035546906903,0.03848690268334559,0.0011928695414853475,0.8059662667180887,0.5919614657327846,-0.5919614657327846,0.8059662667180887,11.346447469740298,-1.3851020857312193,0.0,0,0
550,0.024471741852423234,0.03883996908444842,0.0254519275048527,0.03954271652068644,0.024961834678637967,0.03919134280256743,0.024961834678637967,0.03919134280256743,0.0012060754007804323,0.8127067775324855,0.5826728874357919,-0.582672887435792,0.8127067775324854,11.3657698073592,-1.3932323817640517,0.0,0,0
551,0.0254519275048527,0.03954271652068644,0.026450847502627828,0.04024204395911104,0.025951387503740264,0.03989238023989874,0.025951387503740264,0.03989238023989874,0.0012193851024547475,0.8191997718884695,0.5735082682384619,-0.5735082682384618,0.8191997718884696,11.383235604200962,-1.4005934014090826,0.0,0,0
552,0.026450847502627828,0.04024204395911104,0.027468462410097594,0.04093791649397546,0.02695965495636271,0.040589980226543254,0.02695965495636271,0.040589980226543254,0.0012327930421134519,0.8254547784640373,0.5644682530584755,-0.5644682530584756,0.8254547784640373,11.398946852060488,-1.4072246172528975,0.0,0,0
553,0.027468462410097594,0.04093791649397546,0.028504732053567794,0.041630298958836846,0.027986597231832694,0.04128410772640616,0.027986597231832694,0.04128410772640616,0.00124629380630146,0.8314810185452706,0.5555531619916491,-0.5555531619916491,0.8314810185452706,11.41300045416485,-1.413163943361171,0.0,0,0
554,0.028504732053567794,0.041630298958836846,0.029559615522887273,0.04231915593989296,0.029032173788227533,0.0419747274493649,0.029032173788227533,0.0419747274493649,0.0012598821667891174,0.8372874044307732,0.5467630221417491,-0.546763022141749,0.8372874044307733,11.425488393655835,-1.418447730444349,0.0,0,0
555,0.029559615522887273,0.04231915593989296,0.030633071173062965,0.04300445178944394,0.03009634334797512,0.042661803864668446,0.03009634334797512,0.042661803864668446,0.0012735530747895504,0.8428825397426616,0.5380975972785611,-0.5380975972785611,0.8428825397426616,11.436497909176959,-1.423110772440495,0.0,0,0
556,0.030633071173062965,0.04300445178944394,0.03172505662590386,0.043686150639472794,0.03117906389948341,0.04334530121445837,0.03117906389948341,0.04334530121445837,0.001287301655148005,0.8482747213708387,0.5295564153923792,-0.5295564153923792,0.8482747213708386,11.446111675152945,-1.4271863227210977,0.0,0,0
557,0.03172505662590386,0.043686150639472794,0.03283552877169399,0.04436421641533814,0.032280292698798924,0.04402518352740546,0.032280292698798924,0.04402518352740546,0.0013011232005369852,0.8534719428043628,0.5211387942244815,-0.5211387942244814,0.8534719428043629,11.45440798469077,-1.4307061183153875,0.0,0,0
558,0.03283552877169399,0.04436421641533814,0.033964443770894526,0.04503861284957313,0.03339998627129426,0.04470141463245564,0.03339998627129426,0.04470141463245564,0.0013150131656864978,0.8584818986288936,0.5128438648619382,-0.5128438648619384,0.8584818986288936,11.461460933340415,-1.433700410727616,0.0,0,0
559,0.033964443770894526,0.04503861284957313,0.035111757055874326,0.04570930349578332,0.034538100413384426,0.045373958172678225,0.034538100413384426,0.045373958172678225,0.0013289671616729195,0.8633119899934542,0.5046705934899932,-0.5046705934899931,0.8633119899934543,11.46734060222845,-1.4361980020874134,0.0,0,0
560,0.035111757055874326,0.04570930349578332,0.03627742333266937,0.046376251742637334,0.03569459019427185,0.04604277761921033,0.03569459019427185,0.04604277761921033,0.0013429809502888935,0.8679693308712162,0.49661780139960077,-0.4966178013996007,0.8679693308712162,11.472113239321686,-1.4382262855257997,0.0,0,0
561,0.03627742333266937,0.046376251742637334,0.03746139658277098,0.047039420827943955,0.03686940995772017,0.04670783628529064,0.03686940995772017,0.04670783628529064,0.0013570504385108876,0.8724607549597074,0.48868418334865044,-0.48868418334865016,0.8724607549597075,11.475841437797767,-1.4398112888105605,0.0,0,0
562,0.03746139658277098,0.047039420827943955,0.038663630064942556,0.04769877385280829,0.03806251332385677,0.04736909734037612,0.03806251332385677,0.04736909734037612,0.0013711716730782269,0.87679282308437,0.48086832437554106,-0.4808683243755412,0.87679282308437,11.478584310687163,-1.4409777204005088,0.0,0,0
563,0.038663630064942556,0.04769877385280829,0.03988407631706481,0.04835427379586111,0.03927385319100368,0.0480265238243347,0.03927385319100368,0.0480265238243347,0.0013853408351959839,0.8809718309859808,0.473168715163216,-0.47316871516321596,0.8809718309859808,11.480397661120456,-1.441749017194148,0.0,0,0
564,0.03988407631706481,0.04835427379586111,0.04112268715800943,0.04900588352755409,0.04050338173753712,0.0486800786617076,0.04050338173753712,0.0486800786617076,0.0013995542353701551,0.88500381738835,0.4655837660486542,-0.46558376604865426,0.88500381738835,11.481334147659714,-1.4421473933513207,0.0,0,0
565,0.04112268715800943,0.04900588352755409,0.042379413689541234,0.04965356582451461,0.04175105042377533,0.04932972467603435,0.04175105042377533,0.04932972467603435,0.0014138083083827233,0.888894572255975,0.4581118197709673,-0.45811181977096727,0.888894572255975,11.481443444316552,-1.44219388965787,0.0,0,0
566,0.042379413689541234,0.04965356582451461,0.04365420629824862,0.05029728338395337,0.04301680999389493,0.04997542460423399,0.04301680999389493,0.04997542460423399,0.001428099608411392,0.8926496451640774,0.45075116304724794,-0.4507511630472478,0.8926496451640774,11.480772394970819,-1.4419084229867498,0.0,0,0
567,0.04365420629824862,0.05029728338395337,0.04494701465750217,0.05093699883811768,0.044300610477875396,0.05061714111103552,0.044300610477875396,0.05061714111103552,0.0014424248042974386,0.8962743537145685,0.4435000370614781,-0.4435000370614782,0.8962743537145685,11.479365161992883,-1.4413098354801281,0.0,0,0
568,0.04494701465750217,0.05093699883811768,0.04625778772944156,0.051572674768784355,0.045602401193471864,0.05125483680345101,0.045602401193471864,0.05125483680345101,0.001456780674964616,0.8997737919410715,0.4363566469483252,-0.4363566469483252,0.8997737919410715,11.477263368953,-1.4404159431418617,0.0,0,0
569,0.04625778772944156,0.051572674768784355,0.04758647376699021,0.05220427372178478,0.046922130748215884,0.05188847424528457,0.046922130748215884,0.05188847424528457,0.0014711641049889633,0.9031528386553599,0.42931917034854783,-0.429319170348548,0.9031528386553599,11.47450623736734,-1.4392435835857116,0.0,0,0
570,0.04758647376699021,0.05220427372178478,0.04893302031589858,0.052831758221556044,0.048259747041444395,0.05251801597167041,0.048259747041444395,0.05251801597167041,0.0014855720803213241,0.9064161656949785,0.422385765109116,-0.4223857651091159,0.9064161656949785,11.471130717484066,-1.437808662732973,0.0,0,0
571,0.04893302031589858,0.052831758221556044,0.05029737421681446,0.05345509078571053,0.04961519726635652,0.05314342450363328,0.04961519726635652,0.05314342450363328,0.0015000016841589844,0.9095682460388992,0.4155545761963409,-0.41555457619634084,0.9095682460388992,11.467171613159358,-1.4361262002959907,0.0,0,0
572,0.05029737421681446,0.05345509078571053,0.05167948160738206,0.054074233939618355,0.05098842791209826,0.053764662362664445,0.05098842791209826,0.053764662362664445,0.0015144500929685698,0.9126133617638355,0.4088237418865383,-0.4088237418865382,0.9126133617638355,11.462661700911196,-1.4342103739209637,0.0,0,0
573,0.05167948160738206,0.054074233939618355,0.05307928792436811,0.05468915023099494,0.05237938476587509,0.054381692085306646,0.05237938476587509,0.054381692085306646,0.0015289145726542035,0.9155556118194237,0.40219139929386954,-0.4021913992938695,0.9155556118194237,11.457631843269052,-1.4320745618950546,0.0,0,0
574,0.05307928792436811,0.05468915023099494,0.05449673790581605,0.05529980224448734,0.05378801291509208,0.05499447623774114,0.05378801291509208,0.05499447623774114,0.0015433924748712129,0.9183989196048243,0.3956556892914488,-0.39565568929144873,0.9183989196048243,11.452111096559394,-1.4297313843489285,0.0,0,0
575,0.05449673790581605,0.05529980224448734,0.05593177559322776,0.05590615261625291,0.055214256749521906,0.055602977430370126,0.055214256749521906,0.055602977430370126,0.0015578812334809719,0.9211470403332506,0.38921476087796675,-0.3892147608779667,0.9211470403332506,11.446126813288506,-1.4271927429100537,0.0,0,0
576,0.05593177559322776,0.05590615261625291,0.05738434433377243,0.05650816404852294,0.056658059963500096,0.05620715833238793,0.056658059963500096,0.05620715833238793,0.0015723783611431886,0.9238035681746388,0.38286677503774785,-0.3828667750377478,0.9238035681746388,11.439704739296978,-1.4244698587810753,0.0,0,0
577,0.05738434433377243,0.05650816404852294,0.05885438678252336,0.05710579932414541,0.058119365558147895,0.056806981686334176,0.058119365558147895,0.056806981686334176,0.0015868814460437725,0.9263719431693326,0.37660990813927714,-0.37660990813927697,0.9263719431693327,11.432869105869619,-1.4215733092335427,0.0,0,0
578,0.05885438678252336,0.05710579932414541,0.060341844904721886,0.057699021321099594,0.05959811584362262,0.0574024103226225,0.05959811584362262,0.0574024103226225,0.0016013881487524115,0.9288554579084125,0.3704423549133566,-0.3704423549133565,0.9288554579084126,11.425642716992845,-1.4185130625215154,0.0,0,0
579,0.060341844904721886,0.057699021321099594,0.06184665997806821,0.0582877930269761,0.06109425244139505,0.05799340717403785,0.06109425244139505,0.05799340717403785,0.0016158961992068133,0.9312572639783314,0.3643623310491802,-0.3643623310491801,0.9312572639783314,11.41804703195475,-1.4152985112303829,0.0,0,0
580,0.06184665997806821,0.0582877930269761,0.06336877259503992,0.05887207755341582,0.06260771628655407,0.058579935290195964,0.06260771628655407,0.058579935290195964,0.0016304033938204913,0.9335803781694665,0.35836807544332966,-0.35836807544332966,0.9335803781694665,11.410102243484586,-1.4119385040853363,0.0,0,0
581,0.06336877259503992,0.05887207755341582,0.06490812266523716,0.059451838150501334,0.06413844763013854,0.059161957851958574,0.06413844763013854,0.059161957851958574,0.0016449075927082262,0.935827688449537,0.3524578521344023,-0.3524578521344023,0.935827688449537,11.401827351629795,-1.4084413762519472,0.0,0,0
582,0.06490812266523716,0.059451838150501334,0.06646464941775498,0.06002703822109401,0.06568638604149607,0.059739438185797675,0.06568638604149607,0.059739438185797675,0.0016594067170267557,0.9380019597044522,0.3466299519525213,-0.3466299519525211,0.9380019597044523,11.393240233565415,-1.404814978166518,0.0,0,0
583,0.06646464941775498,0.06002703822109401,0.06803829140358236,0.060597641335110475,0.06725147041066867,0.06031233977810224,0.06725147041066867,0.06031233977810224,0.0016738987464252502,0.9401058392498483,0.34088269391146636,-0.34088269391146625,0.9401058392498483,11.384357709527668,-1.4010667029383908,0.0,0,0
584,0.06803829140358236,0.060597641335110475,0.06962898649802818,0.06116361124373217,0.06883363895080527,0.06088062628942133,0.06883363895080527,0.06088062628942133,0.0016883817166029828,0.9421418621177013,0.33521442636824295,-0.33521442636824283,0.9421418621177015,11.375195605061013,-1.3972035123704627,0.0,0,0
585,0.06962898649802818,0.06116361124373217,0.0712366719031739,0.06172491189354151,0.07043282920060104,0.061444261568636846,0.07043282920060104,0.061444261568636846,0.001702853716968943,0.9441124561229951,0.3296235279730585,-0.3296235279730585,0.9441124561229951,11.365768809761757,-1.3932319616460238,0.0,0,0
586,0.0712366719031739,0.06172491189354151,0.07286128415035242,0.06228150744057803,0.07204897802676316,0.06200320966705977,0.07204897802676316,0.06200320966705977,0.0017173128883995895,0.9460199467160265,0.32410840843058414,-0.324108408430584,0.9460199467160265,11.356091332695494,-1.3891582227315484,0.0,0,0
587,0.07286128415035242,0.06228150744057803,0.07450275910265408,0.06283336226430924,0.07368202162650325,0.06255743485244364,0.07368202162650325,0.06255743485244364,0.0017317574210925554,0.9478665616262013,0.31866750909203595,-0.318667509092036,0.9478665616262012,11.346176354662266,-1.3849881065471004,0.0,0,0
588,0.07450275910265408,0.06283336226430924,0.07616103195745838,0.06338044098150857,0.07533189553005623,0.06310690162290891,0.07533189553005623,0.06310690162290891,0.0017461855525095992,0.9496544353038812,0.31329930339479933,-0.31329930339479917,0.9496544353038813,11.336036277473225,-1.3807270839547674,0.0,0,0
589,0.07616103195745838,0.06338044098150857,0.07783603724899246,0.06392270846003563,0.07699853460322542,0.0636515747207721,0.07699853460322542,0.0636515747207721,0.0017605955654082725,0.9513856131664499,0.30800229716659283,-0.30800229716659266,0.95138561316645,11.325682770399128,-1.3763803056167703,0.0,0,0
590,0.07783603724899246,0.06392270846003563,0.07952770885091548,0.06446012983251188,0.07868187304995397,0.06419141914627376,0.07868187304995397,0.06419141914627376,0.0017749857859563403,0.953062055655598,0.3027750288077369,-0.3027750288077368,0.953062055655598,11.315126813943921,-1.3719526207741835,0.0,0,0
591,0.07952770885091548,0.06446012983251188,0.08123597997892912,0.06499267050988607,0.0803818444149223,0.06472640017119898,0.0803818444149223,0.06472640017119898,0.0017893545819269983,0.9546856421123426,0.29761606936545626,-0.2976160693654561,0.9546856421123426,11.304378741088561,-1.3674485949958486,0.0,0,0
592,0.08123597997892912,0.06499267050988607,0.08296078319341443,0.06552029619488323,0.08209838158617178,0.06525648335238465,0.08209838158617178,0.06525648335238465,0.0018037003609711894,0.9562581744767227,0.2925240225117346,-0.29252402251173454,0.9562581744767227,11.293448276144183,-1.3628725269462314,0.0,0,0
593,0.08296078319341443,0.06552029619488323,0.08470205040209366,0.06604297289533206,0.08383141679775405,0.06578163454510765,0.08383141679775405,0.06578163454510765,0.0018180215689627133,0.9577813808186694,0.28749752443644266,-0.28749752443644266,0.9577813808186694,11.282344571349958,-1.3582284642209443,0.0,0,0
594,0.08470205040209366,0.06604297289533206,0.08645971286271908,0.06656066693736391,0.08558088163240637,0.06630181991634798,0.08558088163240637,0.06630181991634798,0.0018323166884158099,0.9592569187071397,0.28253524366436833,-0.2825352436643682,0.9592569187071397,11.271076241339166,-1.3535202182949897,0.0,0,0
595,0.08645971286271908,0.06656066693736391,0.08823370118578627,0.0670733449784786,0.08734670702425268,0.06681700595792125,0.08734670702425268,0.06681700595792125,0.001846584236968334,0.9606863784235853,0.27763588080681495,-0.2776358808068149,0.9606863784235853,11.259651395594997,-1.3487513786290801,0.0,0,0
596,0.08823370118578627,0.0670733449784786,0.09002394533727381,0.067580974020471,0.08912882326153004,0.06732715949947479,0.08912882326153004,0.06732715949947479,0.0018608227659316385,0.9620712860266617,0.27279816825449027,-0.27279816825449027,0.9620712860266618,11.248077669011252,-1.3439253259777102,0.0,0,0
597,0.09002394533727381,0.067580974020471,0.09183037464140803,0.06808352142221293,0.09092715998934092,0.06783224772134197,0.09092715998934092,0.06783224772134197,0.0018750308589013638,0.9634131062742384,0.2680208698199137,-0.26802086981991374,0.9634131062742384,11.236362250663769,-1.3390452449395709,0.0,0,0
598,0.09183037464140803,0.06808352142221293,0.09365291778345303,0.0685809549122849,0.09274164621243053,0.06833223816724891,0.09274164621243053,0.06833223816724891,0.0018892071304281153,0.9647132454089288,0.26330278033581767,-0.26330278033581755,0.9647132454089289,11.224511910896542,-1.3341141357908795,0.0,0,0
599,0.09365291778345303,0.0685809549122849,0.09549150281252627,0.06907324260145291,0.09457221029798965,0.0688270987568689,0.09457221029798965,0.0688270987568689,0.0019033502247454755,0.9659730538131055,0.2586427252156598,-0.2586427252156596,0.9659730538131055,11.212533026820331,-1.3291348256401676,0.0,0,0
600,0.09549150281252627,0.06907324260145291,0.09734605714443906,0.06956035299498385,0.09641877997848267,0.06931679779821838,0.09641877997848267,0.06931679779821838,0.001917458814551786,0.9671938285393072,0.25403955998126976,-0.2540395599812696,0.9671938285393072,11.200431606312645,-1.3241099789399473,0.0,0,0
601,0.09734605714443906,0.06956035299498385,0.09921650756456168,0.07004225500479581,0.09828128235450037,0.06980130399988983,0.09828128235450037,0.06980130399988983,0.0019315315998444656,0.9683768157213907,0.2494921697635015,-0.24949216976350136,0.9683768157213907,11.18821331060831,-1.319042107391195,0.0,0,0
602,0.09921650756456168,0.07004225500479581,0.1011027802307145,0.07051891796143726,0.1001596438976381,0.07028058648311654,0.1001596438976381,0.07028058648311654,0.0019455673068052523,0.9695232128721385,0.2449994687791916,-0.24499946877919151,0.9695232128721385,11.17588347556154,-1.313933579273535,0.0,0,0
603,0.1011027802307145,0.07051891796143726,0.10300480067608231,0.0709903116258904,0.10205379045339841,0.07075461479366382,0.10205379045339841,0.07075461479366382,0.0019595646867311333,0.9706341710722884,0.24056039978934898,-0.24056039978934896,0.9706341710722884,11.163447131656016,-1.3087866282324905,0.0,0,0
604,0.10300480067608231,0.0709903116258904,0.1049224938121548,0.07145640620119421,0.10396364724411855,0.07122335891354231,0.10396364724411855,0.07122335891354231,0.001973522515013996,0.9717107970561383,0.2361739335416263,-0.2361739335416263,0.9717107970561383,11.150909022837245,-1.3036033615544684,0.0,0,0
605,0.1049224938121548,0.07145640620119421,0.10685578393169054,0.07191717234388187,0.10588913887192267,0.07168678927253805,0.10588913887192267,0.07168678927253805,0.0019874395901616233,0.9727541551985118,0.23183906820039954,-0.23183906820039946,0.9727541551985118,11.138273624234001,-1.2983857679572899,0.0,0,0
606,0.10685578393169054,0.07191717234388187,0.10880459471170595,0.07237258117522853,0.10783018932169824,0.0721448767595552,0.10783018932169824,0.0721448767595552,0.0020013147328625746,0.9737652694076423,0.2275548287676221,-0.2275548287676221,0.9737652694076423,11.125545158835523,-1.293135724924181,0.0,0,0
607,0.10880459471170595,0.07237258117522853,0.11076884921648833,0.07282260429230446,0.10978672196409714,0.0725975927337665,0.10978672196409714,0.0725975927337665,0.002015146785090508,0.9747451249285342,0.22332026649647452,-0.22332026649647435,0.9747451249285342,11.112727613184186,-1.2878550056063887,0.0,0,0
608,0.11076884921648833,0.07282260429230446,0.11274846990063309,0.0732672137788293,0.11175865955856071,0.07304490903556687,0.11175865955856071,0.07304490903556687,0.002028934609247336,0.9756946700609175,0.21913445830064546,-0.21913445830064543,0.9756946700609175,11.099824752140487,-1.2825452853185317,0.0,0,0
609,0.11274846990063309,0.0732672137788293,0.11474337861210543,0.07370638221582375,0.11374592425636926,0.07348679799732652,0.11374592425636926,0.07348679799732652,0.0020426770873440536,0.9766148177958854,0.21499650616116886,-0.21499650616116883,0.9766148177958854,11.086840132776937,-1.2772081476507546,0.0,0,0
610,0.11474337861210543,0.07370638221582375,0.11675349659532508,0.07414008269205315,0.11574843760371525,0.07392323245393845,0.11574843760371525,0.07392323245393845,0.002056373120215454,0.9775064473751937,0.2109055365321824,-0.2109055365321824,0.9775064473751937,11.073777117449005,-1.271845090218335,0.0,0,0
611,0.11675349659532508,0.07414008269205315,0.11877874449427606,0.07456828881426054,0.11776612054480057,0.07435418575315685,0.11776612054480057,0.07435418575315685,0.002070021626771383,0.9783704057767552,0.2068606997479883,-0.20686069974798826,0.9783704057767552,11.0606388860921,-1.266457530069807,0.0,0,0
612,0.11877874449427606,0.07456828881426054,0.12081904235563906,0.07499097471718413,0.11979889342495756,0.07477963176572233,0.11979889342495756,0.07477963176572233,0.002083621543278141,0.9792075091300049,0.20286116943222882,-0.20286116943222882,0.9792075091300049,11.047428447790518,-1.2610468087733953,0.0,0,0
613,0.12081904235563906,0.07499097471718413,0.12287430963194812,0.07540811507335576,0.12184667599379359,0.07519954489526995,0.12184667599379359,0.07519954489526995,0.0020971718226730613,0.9800185440644577,0.19890614191065276,-0.19890614191065276,0.9800185440644577,11.034148651659168,-1.2556141971995012,0.0,0,0
614,0.12287430963194812,0.07540811507335576,0.1249444651847702,0.07581968510267698,0.12390938740835916,0.07561390008801637,0.12390938740835916,0.07561390008801637,0.0021106714339080754,0.9808042689946426,0.1949948356287542,-0.19499483562875403,0.9808042689946426,11.020802197079817,-1.2501609000173581,0.0,0,0
615,0.1249444651847702,0.07581968510267698,0.12702942728790895,0.07622566058176854,0.12598694623633958,0.07602267284222275,0.12598694623633958,0.07602267284222275,0.002124119361323265,0.9815654153445842,0.191126490574734,-0.19112649057473402,0.9815654153445842,11.007391643327566,-1.2446880599214794,0.0,0,0
616,0.12702942728790895,0.07622566058176854,0.1291291136306304,0.07662601785309053,0.12807927045926967,0.07642583921742954,0.12807927045926967,0.07642583921742954,0.0021375146040463395,0.982302688714604,0.18730036770935538,-0.18730036770935526,0.982302688714604,10.9939194186241,-1.2391967616038846,0.0,0,0
617,0.1291291136306304,0.07662601785309053,0.13124344132091303,0.07702073383382962,0.13018627747577172,0.07682337584346008,0.13018627747577172,0.07682337584346008,0.0021508561754210176,0.9830167699933577,0.18351574840276225,-0.1835157484027622,0.9830167699933577,10.980387828651116,-1.2336880354867485,0.0,0,0
618,0.13124344132091303,0.07702073383382962,0.13337232688871997,0.07740978602455004,0.1323078841048165,0.07721525992918983,0.1323078841048165,0.07721525992918983,0.002164143102459035,0.9837083164176916,0.17977193387920928,-0.17977193387920923,0.9837083164176916,10.966799064554047,-1.2281628612287872,0.0,0,0
619,0.13337232688871997,0.07740978602455004,0.13551568628929422,0.0777931525176058,0.1344440065890071,0.07760146927107792,0.1344440065890071,0.07760146927107792,0.0021773744253177694,0.9843779625828233,0.17606824467032578,-0.17606824467032572,0.9843779625828233,10.953155210467063,-1.2226221710189882,0.0,0,0
620,0.13551568628929422,0.0777931525176058,0.13767343490647665,0.07817081200531055,0.13659456059788544,0.07798198226145817,0.13659456059788544,0.07798198226145817,0.002190549196801138,0.9850263214053326,0.17240402007690614,-0.17240402007690606,0.9850263214053326,10.93945825058526,-1.2170668526692232,0.0,0,0
621,0.13767343490647665,0.07817081200531055,0.1398454875560466,0.07854274378786325,0.13875946123126162,0.0783567778965869,0.13875946123126162,0.0783567778965869,0.0022036664818834524,0.9856539850411034,0.16877861764036484,-0.16877861764036486,0.9856539850411034,10.925710075811857,-1.2114977525180013,0.0,0,0
622,0.1398454875560466,0.07854274378786325,0.1420317584890844,0.07890892778102586,0.1409386230225655,0.07872583578444456,0.1409386230225655,0.07872583578444456,0.002216725357254368,0.9862615257605547,0.16519141262324374,-0.16519141262324358,0.9862615257605547,10.911912490003445,-1.205915678155657,0.0,0,0
623,0.1420317584890844,0.07890892778102586,0.14423216139535733,0.07926934452355199,0.14313195994222086,0.07908913615228892,0.14313195994222086,0.07908913615228892,0.0022297249108864364,0.9868494967830613,0.16164179749996202,-0.16164179749996196,0.9868494967830613,10.898067215837372,-1.2003214009816618,0.0,0,0
624,0.14423216139535733,0.07926934452355199,0.1464466094067262,0.0796239751843627,0.14533938540104177,0.07944665985395735,0.14533938540104177,0.07944665985395735,0.002242664241620368,0.9874184330726674,0.1581291814571818,-0.1581291814571817,0.9874184330726674,10.88417590032258,-1.1947156586035494,0.0,0,0
625,0.1464466094067262,0.0796239751843627,0.1486750151005754,0.07997280156946857,0.1475608122536508,0.07979838837691564,0.1475608122536508,0.07979838837691564,0.002255542458772503,0.9879688520968557,0.15465298990456447,-0.1546529899045645,0.9879688520968557,10.870240119974264,-1.1890991570865848,0.0,0,0
626,0.1486750151005754,0.07997280156946857,0.15091729050326363,0.08031580612863469,0.14979615280191952,0.08014430384905163,0.14979615280191952,0.08014430384905163,0.002268358681758557,0.9885012545502265,0.15121266399554056,-0.15121266399554045,0.9885012545502265,10.85626138567126,-1.183472573062612,0.0,0,0
627,0.15091729050326363,0.08031580612863469,0.15317334709359753,0.08065297196178808,0.15204531879843058,0.08048438904521138,0.15204531879843058,0.08048438904521138,0.002281112039737426,0.9890161250446904,0.14780766015868482,-0.1478076601586848,0.9890161250446904,10.842241147215137,-1.1778365557065618,0.0,0,0
628,0.15317334709359753,0.08065297196178808,0.15544309580632582,0.08098428282516437,0.15430822144996167,0.08081862739347623,0.15430822144996167,0.08081862739347623,0.0022938016712703894,0.9895139327678724,0.14443744963913846,-0.1444374496391384,0.9895139327678724,10.828180797607462,-1.172191728588007,0.0,0,0
629,0.15544309580632582,0.08098428282516437,0.1577264470356557,0.08130972313719304,0.15658477142099075,0.0811470029811787,0.15658477142099075,0.0811470029811787,0.0023064267239987436,0.9899951321111736,0.14110151805058618,-0.14110151805058613,0.9899951321111736,10.81408167706093,-1.1665386914048304,0.0,0,0
630,0.1577264470356557,0.08130972313719304,0.16002331063879044,0.08162927798411936,0.15887487883722307,0.08146950056065619,0.15887487883722307,0.08146950056065619,0.0023189863543365743,0.9904601632689829,0.13779936493750522,-0.13779936493750514,0.9904601632689829,10.799945076760268,-1.1608780216061199,0.0,0,0
631,0.16002331063879044,0.08162927798411936,0.16233359593948782,0.08194293312536172,0.16117845328913913,0.08178610555474053,0.16117845328913913,0.08178610555474053,0.0023314797271788883,0.9909094528104025,0.13453050334771155,-0.1345305033477116,0.9909094528104025,10.78577224238678,-1.1552102759105205,0.0,0,0
632,0.16233359593948782,0.08194293312536172,0.16465721173164,0.08225067499860306,0.1634954038355639,0.08209680406198239,0.1634954038355639,0.08209680406198239,0.0023439060156254313,0.9913434142248068,0.13129445941509943,-0.13129445941509948,0.9913434142248068,10.77156437741961,-1.149535991725966,0.0,0,0
633,0.16465721173164,0.08225067499860306,0.16699406628287422,0.08255249072461547,0.1658256390072571,0.08240158286160926,0.1658256390072571,0.08240158286160926,0.0023562644007183295,0.9917624484424634,0.12809077195258836,-0.1280907719525883,0.9917624484424634,10.75732264622669,-1.1438556884765965,0.0,0,0
634,0.16699406628287422,0.08255249072461547,0.1693440673381741,0.08284836811181703,0.16816906681052415,0.08270042941821626,0.16816906681052415,0.08270042941821626,0.0023685540711935855,0.9921669443314124,0.12491899205512372,-0.12491899205512355,0.9921669443314124,10.743048176957746,-1.138169868842414,0.0,0,0
635,0.1693440673381741,0.08284836811181703,0.1717071221235218,0.08313829566055982,0.17052559473084794,0.08299333188618843,0.17052559473084794,0.08299333188618843,0.0023807742232464413,0.9925572791717427,0.12177868271248139,-0.1217786827124813,0.9925572791717427,10.728742064249287,-1.1324790199162207,0.0,0,0
636,0.1717071221235218,0.08313829566055982,0.17408313734956066,0.08342226256714898,0.17289512973654123,0.0832802791138544,0.17289512973654123,0.0832802791138544,0.002392924060309129,0.9929338191082916,0.11866941843214084,-0.11866941843214089,0.9929338191082916,10.714405371753806,-1.1267836142832608,0.0,0,0
637,0.17408313734956066,0.08342226256714898,0.17647201921527783,0.0837002587275916,0.17527757828241924,0.0835612606473703,0.17527757828241924,0.0835612606473703,0.0024050027928410405,0.9932969195828572,0.11559078487148948,-0.11559078487148941,0.9932969195828572,10.700039134501488,-1.1210841110274066,0.0,0,0
638,0.17647201921527783,0.0837002587275916,0.17887367341170785,0.08397227474107594,0.17767284631349284,0.08383626673433377,0.17767284631349284,0.08383626673433377,0.0024170096381317574,0.9936469257468032,0.1125423784799613,-0.11254237847996121,0.9936469257468032,10.68564436110512,-1.1153809566686301,0.0,0,0
639,0.17887367341170785,0.08397227474107594,0.18128800512565513,0.08423830191317992,0.1800808392686815,0.08410528832712794,0.1800808392686815,0.08410528832712794,0.0024289438201138503,0.9939841728550629,0.1095238061502454,-0.10952380615024537,0.9939841728550629,10.671222035816834,-1.1096745860356827,0.0,0,0
640,0.18128800512565513,0.08423830191317992,0.18371491904343779,0.08449833225880943,0.18250146208454646,0.08436831708599468,0.18250146208454646,0.08436831708599468,0.0024408045691893016,0.9943089866423608,0.10653468487887709,-0.10653468487887692,0.9943089866423608,10.656773120444209,-1.1039654230774225,0.0,0,0
641,0.18371491904343779,0.08449833225880943,0.18615431935464977,0.08475235850486604,0.18493461919904378,0.08462534538183773,0.18493461919904378,0.08462534538183773,0.002452591122063913,0.9946216836825083,0.10357464143588721,-0.1035746414358871,0.9946216836825083,10.642298556134522,-1.0982538816167051,0.0,0,0
642,0.18615431935464977,0.08475235850486604,0.18860610975594377,0.08500037409264494,0.18738021455529677,0.08487636629875549,0.18738021455529677,0.08487636629875549,0.0024643027215946385,0.9949225717315547,0.10064331204342035,-0.1006433120434203,0.9949225717315547,10.627799265034833,-1.0925403660502915,0.0,0,0
643,0.18860610975594377,0.08500037409264494,0.19107019345483284,0.08524237317996257,0.1898381516053883,0.08512137363630376,0.1898381516053883,0.08512137363630376,0.0024759386166448827,0.9952119500555778,0.09774034206290716,-0.09774034206290713,0.9952119500555778,10.613276151833746,-1.086825271997486,0.0,0,0
644,0.19107019345483284,0.08524237317996257,0.19354647317351176,0.08547835064301527,0.1923083333141723,0.08536036191148892,0.1923083333141723,0.08536036191148892,0.0024874980619508714,0.9954901097437827,0.09486538569104871,-0.09486538569104858,0.9954901097437827,10.598730105192294,-1.0811089869008135,0.0,0,0
645,0.19354647317351176,0.08547835064301527,0.1960348511526973,0.08570830207796923,0.19479066216310453,0.08559332636049224,0.19479066216310453,0.08559332636049224,0.0024989803179963133,0.9957573340076316,0.09201810566412517,-0.09201810566412513,0.9957573340076316,10.584161999071029,-1.0753918905818889,0.0,0,0
646,0.1960348511526973,0.08570830207796923,0.19853522915548766,0.08593222380228197,0.19728504015409248,0.0858202629401256,0.19728504015409248,0.0858202629401256,0.00251038465089656,0.9960138984666603,0.08919817297033154,-0.08919817297033142,0.9960138984666603,10.569572693956747,-1.0696743557541626,0.0,0,0
647,0.19853522915548766,0.08593222380228197,0.20104750847124053,0.08615011285575765,0.1997913688133641,0.08604116832901981,0.1997913688133641,0.08604116832901981,0.002521710332291213,0.9962600714215382,0.08640526657068826,-0.0864052665706881,0.9962600714215382,10.55496303799791,-1.0639567484964392,0.0,0,0
648,0.20104750847124053,0.08615011285575765,0.20357158991947039,0.08636196700133537,0.20230954919535546,0.08625603992854651,0.20230954919535546,0.08625603992854651,0.0025329566392452486,0.9964961141150686,0.0836390731271478,-0.08363907312714769,0.9964961141150686,10.540333868050745,-1.0582394286882422,0.0,0,0
649,0.20357158991947039,0.08636196700133537,0.2061073738537635,0.08656778472561338,0.20483948188661694,0.08646487586347437,0.20483948188661694,0.08646487586347437,0.0025441228541573965,0.9967222809815695,0.08089928673911294,-0.0808992867391128,0.9967222809815696,10.52568601064329,-1.0525227504101782,0.0,0,0
650,0.2061073738537635,0.08656778472561338,0.208654760165712,0.08676756523910918,0.20738106700973774,0.08666767498236128,0.20738106700973774,0.08666767498236128,0.0025552082646773163,0.9969388198852758,0.07818560868698007,-0.07818560868698006,0.9969388198852758,10.511020282861256,-1.0468070623110841,0.0,0,0
651,0.208654760165712,0.08676756523910918,0.21121364828886624,0.08696130847625781,0.20993420422728912,0.0868644368576835,0.20993420422728912,0.0868644368576835,0.0025662121636296346,0.9971459723481985,0.07549774718338216,-0.07549774718338206,0.9971459723481985,10.49633749316012,-1.0410927079439478,0.0,0,0
652,0.21121364828886624,0.08696130847625781,0.21378393720270455,0.08714901509514932,0.2124987927457854,0.08705516178570356,0.2124987927457854,0.08705516178570356,0.0025771338489445636,0.9973439737679699,0.07283541713146813,-0.07283541713146799,0.9973439737679699,10.481638442107878,-1.035380026072592,0.0,0,0
653,0.21378393720270455,0.08714901509514932,0.2163655254366218,0.08733068647700745,0.21507473131966318,0.08723985078607838,0.21507473131966318,0.08723985078607838,0.00258797262359674,0.9975330536261144,0.07019833989033915,-0.07019833989033902,0.9975330536261144,10.466923923062492,-1.0296693509509116,0.0,0,0
654,0.2163655254366218,0.08733068647700745,0.2189583110739347,0.08750632472541121,0.21766191825527825,0.08741850560120934,0.21766191825527825,0.08741850560120934,0.0025987277955489027,0.9977134356871968,0.06758624304730745,-0.06758624304730745,0.9977134356871968,10.452194722787763,-1.0239610125763643,0.0,0,0
655,0.2189583110739347,0.08750632472541121,0.22156219175590602,0.08767593266526133,0.22026025141492037,0.08759112869533628,0.22026025141492037,0.08759112869533628,0.0026093986777040424,0.9978853381892636,0.06499886019692139,-0.0649988601969214,0.9978853381892636,10.437451622011304,-1.0182553369193306,0.0,0,0
656,0.22156219175590602,0.08767593266526133,0.2241770646857849,0.08783951384149352,0.22286962822084547,0.08775772325337743,0.22286962822084547,0.08775772325337743,0.002619984587861329,0.9980489740259826,0.062435930726493845,-0.062435930726493734,0.9980489740259826,10.42269539592782,-1.0125526461298167,0.0,0,0
657,0.2241770646857849,0.08783951384149352,0.2268028266328655,0.08799707251754095,0.2254899456593252,0.08791829317951724,0.2254899456593252,0.08791829317951724,0.002630484848679848,0.9982045509208565,0.05989719960808817,-0.05989719960808815,0.9982045509208565,10.40792681465101,-1.0068532587229537,0.0,0,0
658,0.2268028266328655,0.08799707251754095,0.2294393739365621,0.08814861367354815,0.2281211002847138,0.08807284309554456,0.2281211002847138,0.08807284309554456,0.002640898787646712,0.9983522715938775,0.057382417196774,-0.05738241719677384,0.9983522715938775,10.393146643617445,-1.0011574897447804,0.0,0,0
659,0.2294393739365621,0.08814861367354815,0.23208660251050173,0.08829414300433856,0.23076298822353192,0.08822137833894336,0.23076298822353192,0.08822137833894336,0.0026512257370512036,0.9984923339209774,0.05489133903485627,-0.054891339034856206,0.9984923339209774,10.378355643944415,-0.9954656509192534,0.0,0,0
660,0.23208660251050173,0.08829414300433856,0.23474440784663303,0.08843366691713897,0.23341550517856738,0.08836390496073876,0.23341550517856738,0.08836390496073876,0.0026614650339636553,0.9986249310865818,0.05242372566233479,-0.05242372566233465,0.9986249310865818,10.363554572746283,-0.9897780507783893,0.0,0,0
661,0.23474440784663303,0.08843366691713897,0.23741268501935214,0.0885671925290622,0.2360785464329926,0.08850042972310058,0.2360785464329926,0.08850042972310058,0.002671616020219481,0.998750251729628,0.049979342432697436,-0.0499793424326974,0.998750251729628,10.348744183409265,-0.9840949947756692,0.0,0,0
662,0.23741268501935214,0.0885671925290622,0.24009132868964528,0.08869472766435248,0.2387520068544987,0.08863096009670735,0.2387520068544987,0.08863096009670735,0.0026816780424083323,0.9988684800832868,0.04755795933494748,-0.047557959334947345,0.9988684800832868,10.333925225829603,-0.9784167853847445,0.0,0,0
663,0.24009132868964528,0.08869472766435248,0.2427802331092468,0.0888162808513949,0.24143578089944603,0.08875550425787368,0.24143578089944603,0.08875550425787368,0.002691650451866422,0.9989797961087384,0.045159350820658486,-0.04515935082065833,0.9989797961087384,10.319098446616103,-0.9727437221839712,0.0,0,0
664,0.2427802331092468,0.0888162808513949,0.2454792921248144,0.08893186131949309,0.2441297626170306,0.08887407108544398,0.2441297626170306,0.08887407108544398,0.0027015326046750895,0.9990843756232287,0.04278329563677058,-0.042783295636770455,0.9990843756232287,10.304264589260013,-0.967076101928027,0.0,0,0
665,0.2454792921248144,0.08893186131949309,0.24818839918211955,0.08904147899541714,0.24683384565346697,0.08898667015745512,0.24683384565346697,0.08898667015745512,0.0027113238616615974,0.9991823904227031,0.040429576663291514,-0.04042957666329139,0.9991823904227031,10.289424394273103,-0.9614142186070629,0.0,0,0
666,0.24818839918211955,0.08904147899541714,0.2509074473302546,0.08914514449972613,0.24954792325618708,0.08909331174757164,0.24954792325618708,0.08909331174757164,0.0027210235884057203,0.9992740083992375,0.03809798075647153,-0.038097980756471486,0.9992740083992375,10.274578599297211,-0.955758363494754,0.0,0,0
667,0.2509074473302546,0.08914514449972613,0.2536363292258542,0.0892428691428676,0.2522718882780544,0.08919400682129686,0.2522718882780544,0.08919400682129686,0.0027306311552475282,0.999359393653531,0.035788298596705015,-0.03578829859670501,0.999359393653531,10.259727939186892,-0.9501088251859819,0.0,0,0
668,0.2536363292258542,0.0892428691428676,0.2563749371373339,0.08933466492105802,0.2550056331815941,0.08928876703196281,0.2550056331815941,0.08928876703196281,0.002740145937301998,0.9994387066026714,0.03350032454140178,-0.03350032454140174,0.9994387066026714,10.244873146066515,-0.9444658896247426,0.0,0,0
669,0.2563749371373339,0.08933466492105802,0.25912316294914234,0.0894205445119473,0.2577490500432381,0.08937760471650266,0.2577490500432381,0.08937760471650266,0.002749567314473589,0.9995121040834022,0.031233856482513804,-0.031233856482513696,0.9995121040834022,10.23001494936332,-0.9388298401229711,0.0,0,0
670,0.25912316294914234,0.0894205445119473,0.26188089816603044,0.08950052127007135,0.26050203055758636,0.08946053289100933,0.26050203055758636,0.08946053289100933,0.00275889467147713,0.999579739451087,0.028988695708792298,-0.02898869570879234,0.999579739451087,10.215154075818997,-0.9332009573713298,0.0,0,0
671,0.26188089816603044,0.08950052127007135,0.2646480339173337,0.08957460922209624,0.2632644660416821,0.0895375652460838,0.2632644660416821,0.0895375652460838,0.0027681273978586995,0.9996417626745817,0.026764646772471923,-0.026764646772471885,0.9996417626745817,10.200291249480745,-0.9275795194423964,0.0,0,0
672,0.2646480339173337,0.08957460922209624,0.26742446096127087,0.08964282306185752,0.2660362474393023,0.08960871614197688,0.2660362474393023,0.08960871614197688,0.0027772648880221343,0.9996983204271979,0.02456151736028727,-0.02456151736028722,0.9996983204271979,10.185427191672787,-0.9219658017867178,0.0,0,0
673,0.26742446096127087,0.08964282306185752,0.2702100696892561,0.08970517814519889,0.2688172653252635,0.0896740006035282,0.2688172653252635,0.0896740006035282,0.0027863065412559976,0.9997495561739376,0.02237911816883845,-0.02237911816883839,0.9997495561739376,10.170562620950545,-0.9163600772226086,0.0,0,0
674,0.2702100696892561,0.08970517814519889,0.2730047501302266,0.08976169048461415,0.27160740990974136,0.08973343431490652,0.27160740990974136,0.08973343431490652,0.0027952517617648377,0.9997956102551759,0.020217262784077192,-0.020217262784077056,0.9997956102551759,10.155698253038393,-0.9107626159201219,0.0,0,0
675,0.2730047501302266,0.08976169048461415,0.27580839195498386,0.08981237674369615,0.27440657104260524,0.08978703361415515,0.27440657104260524,0.08978703361415515,0.002804099958701148,0.9998366199669537,0.018075767564818847,-0.018075767564818858,0.9998366199669537,10.140834800751922,-0.9051736853795926,0.0,0,0
676,0.27580839195498386,0.08981237674369615,0.2786208844805492,0.08985725423139755,0.27721463821776654,0.08983481548754685,0.27721463821776654,0.08983481548754685,0.0028128505462010345,0.999872719638038,0.015954451530322565,-0.01595445153032245,0.999872719638038,10.125972973906793,-0.8995935504056034,0.0,0,0
677,0.2786208844805492,0.08985725423139755,0.28144211667453356,0.08989634089610674,0.2800315005775414,0.08987679756375214,0.2800315005775414,0.08987679756375214,0.0028215029434207144,0.9999040407039056,0.013853136251488924,-0.013853136251488957,0.9999040407039056,10.111113479214447,-0.8940224730765014,0.0,0,0
678,0.28144211667453356,0.08989634089610674,0.28427197715952046,0.0899296553195436,0.282857046917027,0.08991299810782516,0.282857046917027,0.08991299810782516,0.002830056574575715,0.9999307117777873,0.011771645745935682,-0.011771645745935685,0.9999307117777873,10.0962570201653,-0.888460712709771,0.0,0,0
679,0.28427197715952046,0.0899296553195436,0.28711035421746367,0.08995721671047993,0.28569116568849207,0.08994343601501176,0.28569116568849207,0.08994343601501176,0.002838510868981955,0.999952858718912,0.009709806376827182,-0.009709806376827116,0.999952858718912,10.081404296902296,-0.8829085258243661,0.0,0,0
680,0.28711035421746367,0.08995721671047993,0.2899571357940969,0.08997904489828792,0.2885337450057803,0.08996813080438393,0.2885337450057803,0.08996813080438393,0.0028468652610970585,0.9999706046980881,0.007667446754955047,-0.0076674467549550365,0.9999706046980881,10.066556006083532,-0.8773661660995613,0.0,0,0
681,0.2899571357940969,0.08997904489828792,0.29281220950335796,0.08999516032632232,0.2913846726487274,0.08998710261230512,0.2913846726487274,0.08998710261230512,0.0028551191905653527,0.9999840702607363,0.005644397644641105,-0.005644397644640999,0.9999840702607363,10.051712840736933,-0.8718338843314692,0.0,0,0
682,0.29281220950335796,0.08999516032632232,0.2956754626318254,0.09000558404513946,0.2942438360675917,0.0900003721857309,0.2942438360675917,0.0900003721857309,0.0028632721022621528,0.999993373387507,0.003640491872534527,-0.003640491872534432,0.999993373387507,10.036875490105254,-0.8663119283866154,0.0,0,0
683,0.2956754626318254,0.09000558404513946,0.29854678214316865,0.0900103377055596,0.29711112238749704,0.09000796087534954,0.29711112238749704,0.09000796087534954,0.0028713234463410265,0.999998629552584,0.0016555642403167856,-0.0016555642403166314,0.999998629552584,10.022044639485614,-0.860800543154147,0.0,0,0
684,0.29854678214316865,0.0900103377055596,0.30142605468260975,0.09000944355157504,0.2999864184128892,0.09000989062856732,0.2999864184128892,0.09000989062856732,0.0028792726782802106,0.9999999517797947,-0.00031054856016533833,0.0003105485601653996,0.9999999517797947,10.007220970060665,-0.8552999704956503,0.0,0,0
685,0.30142605468260975,0.09000944355157504,0.30431316658139884,0.09000292441311092,0.3028696106320043,0.09000618398234297,0.3028696106320043,0.09000618398234297,0.0028871192589319714,0.9999974506966235,-0.0022580080278835966,0.0022580080278836578,0.9999974506966235,9.99240515872531,-0.849810449194017,0.0,0,0
686,0.30431316658139884,0.09000292441311092,0.3072080038613017,0.08999080369864157,0.3057605852213503,0.08999686405587624,0.3057605852213503,0.08999686405587624,0.002894862654571828,0.9999912345862331,-0.004186973931287732,0.0041869739312877935,0.9999912345862331,9.977597877907304,-0.8443322149007875,0.0,0,0
687,0.3072080038613017,0.08999080369864157,0.31011045223909944,0.08997310538766884,0.3086592280502006,0.0899819545431552,0.3086592280502006,0.0899819545431552,0.0029025023369485883,0.999981409437587,-0.0060976043834428595,0.006097604383442921,0.999981409437587,9.962799795383933,-0.8388655000827783,0.0,0,0
688,0.31011045223909944,0.08997310538766884,0.3130203971310998,0.08994985402306581,0.3115654246850996,0.08996147970536733,0.3115654246850996,0.08996147970536733,0.0029100377833345898,0.9999680789937638,-0.00799005591480254,0.007990055914802601,0.9999680789937638,9.94801157409446,-0.8334105339679008,0.0,0,0
689,0.3130203971310998,0.08994985402306581,0.31593772365766104,0.08992107470329204,0.31447906039438045,0.08993546436317892,0.31447906039438045,0.08993546436317892,0.0029174684765776804,0.9999513447985529,-0.009864483542776957,0.009864483542777018,0.9999513447985529,9.933233871949009,-0.8279675424904249,0.0,0,0
690,0.31593772365766104,0.08992107470329204,0.31886231664772713,0.08988679307448472,0.3174000201526941,0.08990393388888837,0.3174000201526941,0.08990393388888837,0.00292479390515253,0.9999313062414116,-0.011721040838785404,0.011721040838785467,0.9999313062414116,9.918467341635848,-0.8225367482364172,0.0,0,0
691,0.31886231664772713,0.08988679307448472,0.3217940606433746,0.08984703532243006,0.3203281886455509,0.08986691419845738,0.3203281886455509,0.08986691419845738,0.0029320135632127592,0.9999080606008628,-0.01355987999287875,0.013559879992878813,0.9999080606008628,9.903712630424572,-0.817118370388433,0.0,0,0
692,0.3217940606433746,0.08984703532243006,0.3247328399043705,0.08980182816442168,0.3232634502738726,0.08982443174342587,0.3232634502738726,0.08982443174342587,0.002939126950642787,0.9998817030864159,-0.015381151875215783,0.015381151875215845,0.9998817030864159,9.888970379968823,-0.8117126246708153,0.0,0,0
693,0.3247328399043705,0.08980182816442168,0.3276785384127415,0.08975119884100922,0.326205689158556,0.08977651350271545,0.326205689158556,0.08977651350271545,0.002946133573110423,0.9998523268790711,-0.017185006095635863,0.017185006095635922,0.9998523268790711,9.874241226107879,-0.8063197232953365,0.0,0,0
694,0.3276785384127415,0.08975119884100922,0.33063103987735437,0.08969517510764313,0.3291547891450479,0.08972318697432619,0.3291547891450479,0.08972318697432619,0.002953032942119215,0.9998200231704869,-0.01897159106050728,0.018971591060507338,0.9998200231704869,9.859525798666345,-0.8009398749069137,0.0,0,0
695,0.33063103987735437,0.08969517510764313,0.33359022773850666,0.08963378522622074,0.3321106338079305,0.08966448016693193,0.3321106338079305,0.08966448016693193,0.002959824575060509,0.9997848812008714,-0.020741054027208432,0.02074105402720849,0.9997848812008714,9.844824721254128,-0.7955732845301822,0.0,0,0
696,0.33359022773850666,0.08963378522622074,0.33655598517252877,0.08956705795653835,0.3350731064555177,0.08960042159137954,0.3350731064555177,0.08960042159137954,0.002966507995265928,0.9997469882956608,-0.02249354115642928,0.02249354115642934,0.9997469882956608,9.830138611065774,-0.7902201535166018,0.0,0,0
697,0.33655598517252877,0.08956705795653835,0.3395281950963953,0.08949502254765511,0.33804209013446207,0.08953104025209674,0.33804209013446207,0.08953104025209674,0.0029730827320583824,0.9997064299010491,-0.02422919756201072,0.024229197562010783,0.9997064299010491,9.81546807868119,-0.7848806794927954,0.0,0,0
698,0.3395281950963953,0.08949502254765511,0.34250674017234767,0.0894177087291728,0.34101746763437146,0.08945636563841396,0.34101746763437146,0.08945636563841396,0.002979548320804402,0.9996632896184154,-0.025948167358948712,0.025948167358948775,0.9996632896184154,9.800813727865503,-0.7795550563093283,0.0,0,0
699,0.34250674017234767,0.0894177087291728,0.3454915028125263,0.08933514670243792,0.34399912149243694,0.08937642771580537,0.34399912149243694,0.08937642771580537,0.002985904302964939,0.9996176492377205,-0.027650593708882773,0.027650593708882835,0.9996176492377205,9.786176155371557,-0.7742434739911634,0.0,0,0
700,0.3454915028125263,0.08933514670243792,0.348482365183613,0.08924736713166997,0.3469869339980696,0.08929125691705395,0.3469869339980696,0.08929125691705395,0.002992150226146167,0.999569588769904,-0.029336618863887075,0.029336618863887134,0.999569588769904,9.771555950742034,-0.7689461186886994,0.0,0,0
701,0.348482365183613,0.08924736713166997,0.35147920921148257,0.08915440113502232,0.34998078719754777,0.08920088413334615,0.34998078719754777,0.08920088413334615,0.00299828564414906,0.9995191864783534,-0.031006384207945527,0.03100638420794559,0.9995191864783534,9.756953696114236,-0.763663172630475,0.0,0,0
702,0.35147920921148257,0.08915440113502232,0.35448191658586414,0.08905628027557982,0.35298056289867336,0.08910534070530107,0.35298056289867336,0.08910534070530107,0.003004310117019084,0.9994665189094727,-0.03266003029669061,0.03266003029669067,0.9994665189094727,9.742369966026605,-0.7583948140771934,0.0,0,0
703,0.35448191658586414,0.08905628027557982,0.35749036876501195,0.0889530365522989,0.35598614267543804,0.08900465841393937,0.35598614267543804,0.08900465841393937,0.003010223211095162,0.9994116609224086,-0.034297696895162266,0.03429769689516233,0.9994116609224086,9.727805327226871,-0.7531412172770127,0.0,0,0
704,0.35749036876501195,0.0889530365522989,0.36050444698038536,0.08884470239089508,0.3589974078726986,0.08889886947159699,0.3589974078726986,0.08889886947159699,0.0030160244990576042,0.9993546857179724,-0.035919523013713234,0.035919523013713296,0.9993546857179724,9.713260338482751,-0.7479025524224079,0.0,0,0
705,0.36050444698038536,0.08884470239089508,0.36352403224133745,0.08873131063468323,0.36201423961086143,0.08878800651278915,0.36201423961086143,0.08878800651278915,0.003021713559974849,0.9992956648667976,-0.03752564694212532,0.03752564694212538,0.9992956648667976,9.698735550395526,-0.7426789856087264,0.0,0,0
706,0.36352403224133745,0.08873131063468323,0.3665490053398123,0.08861289453537542,0.36503651879057486,0.08867210258502933,0.36503651879057486,0.08867210258502933,0.003027289979349792,0.999234668336773,-0.03911620628204355,0.03911620628204361,0.999234668336773,9.684231505215395,-0.737470678793998,0.0,0,0
707,0.3665490053398123,0.08861289453537542,0.3695792468550515,0.08848948774384204,0.3680641260974319,0.08855119113960873,0.3680641260974319,0.08855119113960873,0.003032753349165722,0.9991717645197938,-0.04069133797753009,0.040691337977530155,0.9991717645197938,9.669748736661566,-0.7322777897610595,0.0,0,0
708,0.3695792468550515,0.08848948774384204,0.3726146371583089,0.08836112430084025,0.3710969420066802,0.08842530602234114,0.3710969420066802,0.08842530602234114,0.0030381032679302165,0.9991070202578483,-0.042251178344320434,0.04225117834432049,0.9991070202578483,9.65528776974332,-0.7271004720806207,0.0,0,0
709,0.3726146371583089,0.08836112430084025,0.37565505641757263,0.0882278386277163,0.37413484678794073,0.08829448146427828,0.37413484678794073,0.08829448146427828,0.0030433393407180154,0.9990405008685005,-0.043795863097051274,0.04379586309705134,0.9990405008685005,9.640849120585708,-0.7219388750765563,0.0,0,0
710,0.37565505641757263,0.0882278386277163,0.3787003846022963,0.08808966551708554,0.3771777205099345,0.08815875207240093,0.3771777205099345,0.08815875207240093,0.003048461179213849,0.998972270169777,-0.04532552737522266,0.045325527375222725,0.998972270169777,9.626433296258785,-0.716793143793016,0.0,0,0
711,0.3787003846022963,0.08808966551708554,0.3817505014881376,0.08794664012349572,0.380225443045217,0.08801815282029063,0.380225443045217,0.08801815282029063,0.0030534684017532645,0.9989023905044967,-0.04684030576759754,0.0468403057675976,0.9989023905044967,9.612040794609486,-0.7116634189630089,0.0,0,0
712,0.3817505014881376,0.08794664012349572,0.38480528666170466,0.08779879795407855,0.38327789407492113,0.08787271903878713,0.38327789407492113,0.08787271903878713,0.0030583606333627615,0.9988309227640769,-0.04834033233504407,0.04834033233504413,0.9988309227640769,9.597672104097839,-0.7065498369790484,0.0,0,0
713,0.38480528666170466,0.08779879795407855,0.38786461952530943,0.08764617485919461,0.38633495309350707,0.08772248640663657,0.38633495309350707,0.08772248640663657,0.0030631375057976274,0.9987579264118385,-0.04982574063197278,0.04982574063197284,0.9987579264118385,9.583327703637536,-0.7014525298658292,0.0,0,0
714,0.38786461952530943,0.08764617485919461,0.39092837930172875,0.0874888070230761,0.38939649941351906,0.08756749094113536,0.38939649941351906,0.08756749094113536,0.0030677986575799866,0.9986834595058284,-0.0512966637265084,0.05129666372650846,0.9986834595058284,9.569008062439236,-0.696371625254353,0.0,0,0
715,0.39092837930172875,0.0874888070230761,0.39399644503897274,0.0873267309544728,0.3924624121703507,0.08740776898877445,0.3924624121703507,0.08740776898877445,0.0030723437340350527,0.9986075787212008,-0.05275323421915408,0.05275323421915414,0.9986075787212007,9.554713639859006,-0.6913072463583207,0.0,0,0
716,0.39399644503897274,0.0873267309544728,0.3970686956150593,0.08715998347730594,0.39553257032701605,0.08724335721588937,0.39553257032701605,0.08724335721588937,0.0030767723873250273,0.9985303393721651,-0.05419558426024115,0.054195584260241216,0.9985303393721651,9.540444885250022,-0.6862595119521022,0.0,0,0
717,0.3970686956150593,0.08715998347730594,0.4001450097427965,0.08698860172133496,0.3986068526789279,0.08707429259932045,0.3986068526789279,0.08707429259932045,0.003081084276483695,0.9984517954335348,-0.055623845566005935,0.055623845566006,0.9984517954335348,9.526202237819437,-0.6812285363509443,0.0,0,0
718,0.4001450097427965,0.08698860172133496,0.4032252659745699,0.08681262311284144,0.4016851378586832,0.0869006124170882,0.4016851378586832,0.0869006124170882,0.003085279067446965,0.9983719995618795,-0.05703814943364216,0.05703814943364222,0.9983719995618795,9.511986126488956,-0.67621442939286,0.0,0,0
719,0.4032252659745699,0.08681262311284144,0.40630934270713776,0.08663208536533554,0.40476730434085384,0.08672235423908849,0.40476730434085384,0.08672235423908849,0.00308935643308453,0.9982910031163261,-0.058438626754907616,0.05843862675490768,0.9982910031163261,9.497796969759829,-0.6712172964224412,0.0,0,0
720,0.40630934270713776,0.08663208536533554,0.4093971181864313,0.08644702647028943,0.40785323044678456,0.08653955591781248,0.40785323044678456,0.08653955591781248,0.0030933160532286845,0.9982088561790065,-0.059825408028692455,0.05982540802869252,0.9982088561790065,9.483635175582648,-0.6662372382766981,0.0,0,0
721,0.4093971181864313,0.08644702647028943,0.412488470512362,0.08625748468790188,0.4109427943493966,0.08635225557909565,0.4109427943493966,0.08635225557909565,0.003097157614702159,0.998125607575172,-0.061198623372537904,0.061198623372537966,0.998125607575172,9.46950114123091,-0.6612743512725328,0.0,0,0
722,0.412488470512362,0.08625748468790188,0.4155832776436331,0.08606349853789953,0.4140358740779976,0.08616049161290071,0.4140358740779976,0.08616049161290071,0.0031008808113436774,0.9980413048930095,-0.06255840253282503,0.0625584025328251,0.9980413048930095,9.455395253180358,-0.6563287271965392,0.0,0,0
723,0.4155832776436331,0.08606349853789953,0.41868141740255826,0.0858651067903783,0.4171323475230957,0.08596430266413892,0.4171323475230957,0.08596430266413892,0.0031044853440332556,0.9979559945031446,-0.06390487489417072,0.0639048748941708,0.9979559945031446,9.441317886991376,-0.6514004532961357,0.0,0,0
724,0.41868141740255826,0.0858651067903783,0.4217827674798845,0.08566234845669021,0.4202320924412214,0.08576372762353426,0.4202320924412214,0.08576372762353426,0.0031079709207152448,0.997869721577877,-0.06523816948757954,0.0652381694875796,0.997869721577877,9.427269407197716,-0.6464896122731656,0.0,0,0
725,0.4217827674798845,0.08566234845669021,0.42488720543962144,0.08545526278037927,0.423334986459753,0.08555880561853474,0.423334986459753,0.08555880561853474,0.0031113372564202475,0.9977825301101338,-0.06655841499780389,0.06655841499780396,0.9977825301101338,9.41325016719804,-0.6415962822787016,0.0,0,0
726,0.42488720543962144,0.08545526278037927,0.42799460872387396,0.08524388922817173,0.4264409070817477,0.08534957600427551,0.4264409070817477,0.08534957600427551,0.003114584073284292,0.9976944629321883,-0.06786573976943236,0.06786573976943243,0.9976944629321883,9.399260509153986,-0.6367205369103313,0.0,0,0
727,0.42799460872387396,0.08524388922817173,0.431104854657681,0.08502826748102361,0.4295497316907775,0.08513607835459767,0.4295497316907775,0.08513607835459767,0.0031177111005682443,0.9976055617341066,-0.06916027181249103,0.06916027181249108,0.9976055617341066,9.385300763891088,-0.6318624452106165,0.0,0,0
728,0.431104854657681,0.08502826748102361,0.4342178204538587,0.08480843742523139,0.43266133755576985,0.08491835245312751,0.43266133755576985,0.08491835245312751,0.0031207180746747835,0.9975158670820051,-0.07044213880650906,0.07044213880650911,0.9975158670820051,9.37137125080662,-0.6270220716681181,0.0,0,0
729,0.4342178204538587,0.08480843742523139,0.43733338321784787,0.08458443914360773,0.4357756018358533,0.08469643828441956,0.4357756018358533,0.08469643828441956,0.0031236047391637375,0.9974254184360327,-0.07171146810451678,0.07171146810451684,0.9974254184360327,9.357472277779728,-0.6221994762193528,0.0,0,0
730,0.43733338321784787,0.08458443914360773,0.44045141995256515,0.0843563129067289,0.4388924015852065,0.08447037602516833,0.4388924015852065,0.08447037602516833,0.0031263708447653612,0.9973342541682033,-0.07296838673530852,0.07296838673530857,0.9973342541682033,9.343604141088262,-0.6173947142531908,0.0,0,0
731,0.44045141995256515,0.0843563129067289,0.4435718075632592,0.08412409916425541,0.4420116137579122,0.08424020603549215,0.4420116137579122,0.08424020603549215,0.003129016149393686,0.9972424115799771,-0.07421302140562344,0.0742130214056235,0.9972424115799771,9.32976712532949,-0.612607836616684,0.0,0,0
732,0.4435718075632592,0.08412409916425541,0.44669442286237,0.0838878385363314,0.4451331152128146,0.0840059688502934,0.4451331152128146,0.0840059688502934,0.0031315404181565015,0.9971499269196824,-0.07544549850105137,0.07544549850105144,0.9971499269196823,9.315961503345308,-0.6078388896225317,0.0,0,0
733,0.44669442286237,0.0838878385363314,0.44981914257439254,0.08364757180506568,0.44825678271838126,0.08376770517069854,0.44825678271838126,0.08376770517069854,0.0031339434233654253,0.9970568353997373,-0.07666594408641388,0.07666594408641393,0.9970568353997373,9.30218753615291,-0.6030879150584747,0.0,0,0
734,0.44981914257439254,0.08364757180506568,0.45294584334074284,0.08340333990609873,0.4513824929575677,0.08352545585558221,0.4513824929575677,0.08352545585558221,0.003136224944542172,0.9969631712137078,-0.0778744839052375,0.07787448390523756,0.9969631712137078,9.288445472879943,-0.5983549501982723,0.0,0,0
735,0.45294584334074284,0.08340333990609873,0.45607440172462843,0.08315518392025857,0.45451012253268563,0.08327926191317865,0.45451012253268563,0.08327926191317865,0.0031383847684261306,0.9968689675531834,-0.07907124337867831,0.07907124337867838,0.9968689675531834,9.2747355507039,-0.5936400278141465,0.0,0,0
736,0.45607440172462843,0.08315518392025857,0.4592046942159213,0.08290314506530969,0.45763954797027484,0.08302916449278414,0.45763954797027484,0.08302916449278414,0.003140422688978109,0.9967742566245021,-0.08025634760360836,0.08025634760360843,0.9967742566245021,9.261057994796749,-0.5889431761910195,0.0,0,0
737,0.4592046942159213,0.08290314506530969,0.4623365972360336,0.08264726468779827,0.4607706457259775,0.08277520487655399,0.4607706457259775,0.08277520487655399,0.0031423385073832957,0.9966790696653196,-0.0814299213500358,0.08142992135003585,0.9966790696653196,9.247413018274228,-0.5842644191423227,0.0,0,0
738,0.4623365972360336,0.08264726468779827,0.4654699871427971,0.08238758425499697,0.46390329218941534,0.08251742447139762,0.46390329218941534,0.08251742447139762,0.003144132032053862,0.9965834369610231,-0.08259208905793779,0.08259208905793786,0.9965834369610231,9.233800822149682,-0.5796037760273172,0.0,0,0
739,0.4654699871427971,0.08238758425499697,0.4686047402353434,0.08212414534695217,0.46703736368907023,0.08225586480097458,0.46703736368907023,0.08225586480097458,0.0031458030786272032,0.9964873878609938,-0.083742974833555,0.08374297483355506,0.9964873878609938,9.220221595292319,-0.5749612617698605,0.0,0,0
740,0.4686047402353434,0.08212414534695217,0.4717407327589878,0.08185698964863802,0.4701727364971656,0.0819905674977951,0.4701727364971656,0.0819905674977951,0.003147351469965744,0.9963909507947551,-0.08488270244474956,0.08488270244474963,0.9963909507947551,9.206675514390435,-0.5703368868787857,0.0,0,0
741,0.4717407327589878,0.08185698964863802,0.4748778409101152,0.081586158942219,0.47330928683455153,0.0817215742954285,0.47330928683455153,0.0817215742954285,0.0031487770361537707,0.9962941532879583,-0.0860113953161449,0.08601139531614496,0.9962941532879583,9.19316274391926,-0.5657306574697565,0.0,0,0
742,0.4748778409101152,0.081586158942219,0.4780159408410676,0.0813116950994247,0.4764468908755914,0.08144892702082185,0.4764468908755914,0.08144892702082185,0.0031500796144930568,0.9961970219782496,-0.08712917652352105,0.0871291765235211,0.9961970219782496,9.179683436113214,-0.5611425752885062,0.0,0,0
743,0.4780159408410676,0.0813116950994247,0.48115490866503274,0.08103364007403961,0.47958542475305016,0.08117266758673215,0.47958542475305016,0.08117266758673215,0.0031512590494960123,0.9960995826310085,-0.08823616878769508,0.08823616878769514,0.9960995826310085,9.166237730942633,-0.5565726377354587,0.0,0,0
744,0.48115490866503274,0.08103364007403961,0.4842946204609359,0.08075203589451077,0.4827247645629843,0.08089283798427518,0.4827247645629843,0.08089283798427518,0.003152315192879925,0.9960018601549663,-0.08933249446784239,0.08933249446784246,0.9960018601549663,9.152825756095334,-0.5520208378918408,0.0,0,0
745,0.4842946204609359,0.08075203589451077,0.4874349522783312,0.08046692465667545,0.4858647863696336,0.08060948027559312,0.4858647863696336,0.08060948027559312,0.0031532479035567993,0.9959038786176895,-0.0904182755544615,0.09041827555446155,0.9959038786176894,9.139447626962383,-0.5474871645470527,0.0,0,0
746,0.4874349522783312,0.08046692465667545,0.4905757801422959,0.08017834851661208,0.48900536621031354,0.08032263658664376,0.48900536621031354,0.08032263658664376,0.003154057047624673,0.9958056612609636,-0.0914936336616649,0.09149363366166495,0.9958056612609636,9.12610344662794,-0.5429716022272308,0.0,0,0
747,0.4905757801422959,0.08017834851661208,0.4937169800583237,0.07988634968361684,0.4921463801003098,0.08003234910011446,0.4921463801003098,0.08003234910011446,0.003154742498354437,0.9957072305160537,-0.09255869001909191,0.09255869001909196,0.9957072305160537,9.112793305865077,-0.538474131225632,0.0,0,0
748,0.4937169800583237,0.07988634968361684,0.4968584280172206,0.07959097041330734,0.4952877040377721,0.07973866004846208,0.4952877040377721,0.07973866004846208,0.003155304136178616,0.9956086080188368,-0.09361356546352745,0.09361356546352752,0.9956086080188368,9.099517283133446,-0.5339947276334291,0.0,0,0
749,0.4968584280172206,0.07959097041330734,0.49999999999999994,0.07929225300085736,0.4984292140086103,0.07944161170708236,0.4984292140086103,0.07944161170708236,0.003155741848676013,0.9955098146248591,-0.09465838042972587,0.09465838042972592,0.9955098146248591,9.086275444584004,-0.5295333633726502,0.0,0,0
750,0.49999999999999994,0.07929225300085736,0.5031415719827794,0.07899023977436287,0.5015707859913897,0.07914124638761011,0.5015707859913897,0.07914124638761011,0.0031560555305575025,0.9954108704242395,-0.0956932549412863,0.09569325494128636,0.9954108704242395,9.073067844065742,-0.5250900062295563,0.0,0,0
751,0.5031415719827794,0.07899023977436287,0.5062830199416763,0.078684973088343,0.5047122959622279,0.07883760643135293,0.5047122959622279,0.07883760643135293,0.003156245083647848,0.995311794756502,-0.09671830860075428,0.09671830860075434,0.995311794756502,9.059894523138228,-0.5206646198897111,0.0,0,0
752,0.5062830199416763,0.078684973088343,0.5094242198577041,0.07837649531737702,0.5078536198996902,0.07853073420286001,0.5078536198996902,0.07853073420286001,0.0031563104168685872,0.9952126062252818,-0.09773366057956778,0.09773366057956784,0.9952126062252818,9.046755511087886,-0.5162571639740365,0.0,0,0
753,0.5094242198577041,0.07837649531737702,0.5125650477216687,0.07806484884987913,0.5109946337896865,0.07822067208362807,0.5109946337896865,0.07822067208362807,0.003156251446219053,0.9951133227129272,-0.09873942960761767,0.09873942960761774,0.9951133227129272,9.033650824948097,-0.5118675940758652,0.0,0,0
754,0.5125650477216687,0.07806484884987913,0.5157053795390641,0.0777500760820133,0.5141352136303664,0.07790746246594621,0.5141352136303664,0.07790746246594621,0.003156068094755929,0.9950139613950043,-0.09973573396241153,0.09973573396241159,0.9950139613950043,9.020580469523523,-0.507495861799115,0.0,0,0
755,0.5157053795390641,0.0777500760820133,0.5188450913349673,0.07743221941174955,0.5172752354370157,0.07759114774688142,0.5172752354370157,0.07759114774688142,0.0031557602925704445,0.9949145387546968,-0.1007226914579279,0.10072269145792796,0.9949145387546968,9.00754443741959,-0.5031419147978762,0.0,0,0
756,0.5188450913349673,0.07743221941174955,0.5219840591589325,0.07711132123306276,0.5204145752469499,0.07727177032240615,0.5204145752469499,0.07727177032240615,0.003155327976767836,0.994815070597093,-0.10170041943325984,0.10170041943325991,0.994815070597093,8.99454270907437,-0.4988056968164847,0.0,0,0
757,0.5219840591589325,0.07711132123306276,0.5251221590898848,0.07678742393027616,0.5235531091244087,0.07694937258166945,0.5235531091244087,0.07694937258166945,0.0031547710914415087,0.9947155720633835,-0.10266903474083978,0.10266903474083984,0.9947155720633835,8.98157525279572,-0.49448714773101576,0.0,0,0
758,0.5251221590898848,0.07678742393027616,0.5282592672410122,0.07646056987254997,0.5266907131654486,0.07662399690141306,0.5266907131654486,0.07662399690141306,0.0031540895876500273,0.994616057644946,-0.10362865373450333,0.10362865373450339,0.9946160576449459,8.968642024801843,-0.4901862035915834,0.0,0,0
759,0.5282592672410122,0.07646056987254997,0.5313952597646567,0.07613080140851718,0.5298272635028345,0.07629568564053357,0.5298272635028345,0.07629568564053357,0.003153283423389769,0.9945165411973376,-0.10457939225719602,0.10457939225719608,0.9945165411973375,8.95574296926586,-0.48590279666561154,0.0,0,0
760,0.5313952597646567,0.07613080140851718,0.5345300128572029,0.0757981608610667,0.5329626363109299,0.07596448113479193,0.5329626363109299,0.07596448113479193,0.0031523525635683606,0.9944170359541714,-0.10552136562857878,0.10552136562857885,0.9944170359541714,8.942878018364523,-0.4816368554821382,0.0,0,0
761,0.5345300128572029,0.0757981608610667,0.5376634027639664,0.07546269052227574,0.5360967078105847,0.07563042569167122,0.5360967078105847,0.07563042569167122,0.0031512969799775766,0.994317554540918,-0.10645468863215317,0.10645468863215322,0.994317554540918,8.930047092330547,-0.4773883048769314,0.0,0,0
762,0.5376634027639664,0.07546269052227574,0.5407953057840788,0.07512443264849106,0.5392293542740225,0.07529356158538339,0.5392293542740225,0.07529356158538339,0.003150116651263279,0.9942181089885584,-0.10737947550260668,0.10737947550260675,0.9942181089885584,8.917250099508463,-0.473157066038411,0.0,0,0
763,0.5407953057840788,0.07512443264849106,0.5439255982753716,0.07478342945556118,0.5423604520297252,0.07495393105202612,0.5423604520297252,0.07495393105202612,0.003148811562896797,0.9941187107471933,-0.10829583991242787,0.10829583991242794,0.9941187107471933,8.904486936415205,-0.46894305655474167,0.0,0,0
764,0.5439255982753716,0.07478342945556118,0.5470541566592572,0.07443972311421912,0.5454898774673144,0.07461157628489015,0.5454898774673144,0.07461157628489015,0.0031473817071431907,0.9940193706995004,-0.10920389495878467,0.10920389495878473,0.9940193706995003,8.891757487802764,-0.4647461904612158,0.0,0,0
765,0.5470541566592572,0.07443972311421912,0.5501808574256075,0.07409335574561678,0.5486175070424324,0.07426653942991795,0.5486175070424324,0.07426653942991795,0.003145827083030535,0.9939200991741239,-0.11010375314992507,0.11010375314992514,0.9939200991741239,8.879061626726797,-0.460566378289204,0.0,0,0
766,0.5501808574256075,0.07409335574561678,0.55330557713763,0.07374436941701076,0.5517432172816188,0.07391886258131378,0.5517432172816188,0.07391886258131378,0.003144147696317,0.9938209059589285,-0.11099552639171849,0.11099552639171854,0.9938209059589285,8.866399214616642,-0.45640352711515475,0.0,0,0
767,0.55330557713763,0.07374436941701076,0.5564281924367408,0.07339280613760041,0.5548668847871854,0.07356858777730559,0.5548668847871854,0.07356858777730559,0.003142343559458587,0.9937218003141759,-0.11187932597380597,0.11187932597380604,0.9937218003141759,8.853770101349902,-0.45225754061069035,0.0,0,0
768,0.5564281924367408,0.07339280613760041,0.5595485800474349,0.07303870785451845,0.5579883862420878,0.07321575699605942,0.5579883862420878,0.07321575699605942,0.0031404146915741684,0.9936227909856004,-0.11275526255561602,0.11275526255561608,0.9936227909856004,8.841174125331198,-0.44812831909364625,0.0,0,0
769,0.5595485800474349,0.07303870785451845,0.5626666167821521,0.07268211644897353,0.5611075984147935,0.07286041215174599,0.5611075984147935,0.07286041215174599,0.0031383611184110953,0.9935238862173507,-0.11362344615251212,0.11362344615251217,0.9935238862173507,8.828611113573722,-0.44401575957960304,0.0,0,0
770,0.5626666167821521,0.07268211644897353,0.5657821795461412,0.07232307373254496,0.5642243981641466,0.07250259509075924,0.5642243981641466,0.07250259509075924,0.003136182872310785,0.9934250937648488,-0.11448398612164633,0.11448398612164638,0.9934250937648488,8.816080881783641,-0.43991975583392473,0.0,0,0
771,0.5657821795461412,0.07232307373254496,0.568895145342319,0.07196162144362966,0.56733866244423,0.07214234758808731,0.56733866244423,0.07214234758808731,0.003133879992171856,0.9933264209075381,-0.1153369911477686,0.11533699114776867,0.9933264209075381,8.803583234449135,-0.435840198424871,0.0,0,0
772,0.568895145342319,0.07196162144362966,0.5720053912761262,0.07159780124404153,0.5704502683092225,0.0717797113438356,0.5704502683092225,0.0717797113438356,0.0031314525234134223,0.9932278744615448,-0.1161825692287868,0.11618256922878685,0.9932278744615448,8.79111796493287,-0.4317769747773954,0.0,0,0
773,0.5720053912761262,0.07159780124404153,0.5751127945603786,0.07123165471576097,0.5735590929182524,0.07141472797990125,0.5735590929182524,0.07141472797990125,0.0031289005179382986,0.9931294607921711,-0.1170208276617946,0.11702082766179465,0.9931294607921711,8.778684855566418,-0.42772996922713125,0.0,0,0
774,0.5751127945603786,0.07123165471576097,0.5782172325201154,0.07086322335783671,0.5766650135402469,0.07104743903679883,0.5766650135402469,0.07104743903679883,0.003126224034095563,0.993031185826367,-0.11785187302830386,0.11785187302830392,0.993031185826367,8.766283677749243,-0.4236990630754127,0.0,0,0
775,0.5782172325201154,0.07086322335783671,0.5813185825974418,0.07049254858343715,0.5797679075587786,0.07067788597063693,0.5797679075587786,0.07067788597063693,0.003123423136641774,0.9929330550650192,-0.11867581118006985,0.11867581118006991,0.9929330550650192,8.753914192051148,-0.41968413464497445,0.0,0,0
776,0.5813185825974418,0.07049254858343715,0.584416722356367,0.07011967171705193,0.5828676524769044,0.07030611015024454,0.5828676524769044,0.07030611015024454,0.0031204978967014248,0.992835073595174,-0.11949274722453007,0.11949274722453013,0.992835073595174,8.741576148316607,-0.41568505933579947,0.0,0,0
777,0.584416722356367,0.07011967171705193,0.5875115294876381,0.06974463399184212,0.5859641259220025,0.06993215285444702,0.5859641259220025,0.06993215285444702,0.003117448391729507,0.9927372461021355,-0.12030278551034465,0.12030278551034472,0.9927372461021355,8.729269285774013,-0.41170170968211206,0.0,0,0
778,0.5875115294876381,0.06974463399184212,0.5906028818135688,0.06936747654713847,0.5890572056506034,0.0695560552694903,0.5890572056506034,0.0695560552694903,0.0031142747054703846,0.9926395768814479,-0.12110602961298064,0.12110602961298071,0.9926395768814479,8.716993333146714,-0.4077339554094783,0.0,0,0
779,0.5906028818135688,0.06936747654713847,0.5936906572928623,0.06898824042608684,0.5921467695532155,0.06917785848661265,0.5921467695532155,0.06917785848661265,0.003110976927917747,0.9925420698507822,-0.12190258232016689,0.12190258232016694,0.9925420698507822,8.704748008768293,-0.40378166349282085,0.0,0,0
780,0.5936906572928623,0.06898824042608684,0.5967747340254301,0.06860696657343934,0.5952326956591463,0.06879760349976309,0.5952326956591463,0.06879760349976309,0.0031075551552754346,0.9924447285616969,-0.12269254561748986,0.12269254561748993,0.9924447285616969,8.69253302070004,-0.39984469821467084,0.0,0,0
781,0.5967747340254301,0.06860696657343934,0.5998549902572036,0.0682236958334904,0.5983148621413168,0.06841533120346488,0.5983148621413168,0.06841533120346488,0.0031040094899146336,0.9923475562112892,-0.12347602067398382,0.12347602067398387,0.9923475562112892,8.68034806685206,-0.39592292122413,0.0,0,0
782,0.5998549902572036,0.0682236958334904,0.6029313043849407,0.0678384689481562,0.6013931473210721,0.06803108239082331,0.6013931473210721,0.06803108239082331,0.003100340040334173,0.9922505556537402,-0.12425310782770678,0.12425310782770684,0.9922505556537402,8.668192835108114,-0.3920161915965572,0.0,0,0
783,0.6029313043849407,0.0678384689481562,0.6060035549610273,0.06745132655519602,0.604467429672984,0.06764489775167612,0.604467429672984,0.06764489775167612,0.003096546921118993,0.9921537294117307,-0.12502390657148046,0.12502390657148052,0.9921537294117306,8.656067003451678,-0.38812436589317945,0.0,0,0
784,0.6060035549610273,0.06745132655519602,0.6090716206982713,0.06706230918657438,0.6075375878296493,0.0672568178708852,0.6075375878296493,0.0672568178708852,0.00309263025289793,0.9920570796877608,-0.12578851553854956,0.1257885155385496,0.9920570796877607,8.643970240096902,-0.38424729822180437,0.0,0,0
785,0.6090716206982713,0.06706230918657438,0.6121353804746906,0.0666714572669621,0.6106035005864809,0.06686688322676823,0.6106035005864809,0.06686688322676823,0.003088590162302194,0.9919606083753394,-0.12654703248842528,0.12654703248842536,0.9919606083753394,8.631902203621573,-0.3803848402976979,0.0,0,0
786,0.6121353804746906,0.0666714572669621,0.6151947133382953,0.0662788111123745,0.613665046906493,0.0664751341896683,0.613665046906493,0.0664751341896683,0.0030844267819230588,0.9918643170700585,-0.12729955429280326,0.12729955429280332,0.9918643170700585,8.619862543103485,-0.37653684150508004,0.0,0,0
787,0.6151947133382953,0.0662788111123745,0.6182494985118623,0.06588441092894555,0.6167221059250788,0.06608161102066003,0.6167221059250788,0.06608161102066003,0.0030801402502699795,0.9917682070805659,-0.12804617692145198,0.12804617692145204,0.9917682070805659,8.607850898259375,-0.3727031489589665,0.0,0,0
788,0.6182494985118623,0.06588441092894555,0.6212996153977037,0.06548829681183528,0.619774556954783,0.06568635387039042,0.619774556954783,0.06568635387039042,0.0030757307117283816,0.9916722794393984,-0.12878699542837263,0.12878699542837269,0.9916722794393984,8.595866899587804,-0.3688836075677904,0.0,0,0
789,0.6212996153977037,0.06548829681183528,0.6243449435824274,0.06509050874426926,0.6228222794900655,0.06528940277805227,0.6228222794900655,0.06528940277805227,0.003071198316515952,0.9915765349137057,-0.12952210393800948,0.12952210393800953,0.9915765349137057,8.58391016851321,-0.3650780600959249,0.0,0,0
790,0.6243449435824274,0.06509050874426926,0.6273853628416911,0.06469108659670793,0.6258651532120593,0.0648907976704886,0.6258651532120593,0.0648907976704886,0.003066543220641775,0.9914809740158741,-0.13025159563143004,0.1302515956314301,0.9914809740158741,8.571980317535191,-0.3612863472273917,0.0,0,0
791,0.6273853628416911,0.06469108659670793,0.6304207531449484,0.06429007012614325,0.6289030579933197,0.06449057836142559,0.6289030579933197,0.06449057836142559,0.003061765585862586,0.9913855970139933,-0.1309755627329312,0.13097556273293126,0.9913855970139933,8.56007695037859,-0.3575083076293457,0.0,0,0
792,0.6304207531449484,0.06429007012614325,0.6334509946601878,0.063887498975521,0.6319358739025681,0.06408878455083213,0.6319358739025681,0.06408878455083213,0.0030568655796410172,0.9912904039422327,-0.13169409649656005,0.13169409649656014,0.9912904039422327,8.548199662148125,-0.3537437780165307,0.0,0,0
793,0.6334509946601878,0.063887498975521,0.6364759677586627,0.06348341267328657,0.6349634812094253,0.06368545582440378,0.6349634812094253,0.06368545582440378,0.0030518433751013305,0.991195394611097,-0.13240728719278172,0.13240728719278178,0.991195394611097,8.53634803948487,-0.3499925932158372,0.0,0,0
794,0.6364759677586627,0.06348341267328657,0.6394955530196147,0.0630778506330511,0.6379857603891387,0.06328063165316883,0.6379857603891387,0.06328063165316883,0.0030466991509892614,0.9911005686175386,-0.13311522409548723,0.1331152240954873,0.9911005686175385,8.524521660726542,-0.3462545862315942,0.0,0,0
795,0.6394955530196147,0.0630778506330511,0.642509631234988,0.06267085215337663,0.6410025921273014,0.06287435139321387,0.6410025921273014,0.06287435139321387,0.0030414330916273004,0.9910059253549769,-0.13381799546894252,0.13381799546894257,0.9910059253549769,8.512720096070339,-0.34252958831118496,0.0,0,0
796,0.642509631234988,0.06267085215337663,0.6455180834141359,0.06226245641767671,0.644013857324562,0.06246665428552667,0.644013857324562,0.06246665428552667,0.003036045386873694,0.9909114640231697,-0.1345156885551223,0.13451568855512236,0.9909114640231695,8.500942907738727,-0.3388174290111168,0.0,0,0
797,0.6455180834141359,0.06226245641767671,0.6485207907885175,0.061852702494230645,0.6470194371013267,0.06205757945595368,0.6470194371013267,0.06205757945595368,0.0030305362320793335,0.990817183637975,-0.13520838956111905,0.1352083895611191,0.990817183637975,8.489189650147773,-0.3351179362634167,0.0,0,0
798,0.6485207907885175,0.061852702494230645,0.651517634816387,0.061441629336309096,0.6500192128024522,0.06164716591526987,0.6500192128024522,0.06164716591526987,0.003024905828044996,0.9907230830410184,-0.13589618364655898,0.13589618364655903,0.9907230830410184,8.477459870080246,-0.33143093644304944,0.0,0,0
799,0.651517634816387,0.061441629336309096,0.6545084971874737,0.06102927578240647,0.6530130660019304,0.06123545255935778,0.6530130660019304,0.06123545255935778,0.0030191543809812847,0.9906291609091584,-0.13657915491178294,0.136579154911783,0.9906291609091583,8.465753106859754,-0.32775625443518286,0.0,0,0
800,0.6545084971874737,0.06102927578240647,0.6574932598276524,0.06061568055657983,0.6560008785075631,0.06082247816949315,0.6560008785075631,0.06082247816949315,0.0030132821024645012,0.9905354157639228,-0.13725738638555185,0.1372573863855519,0.9905354157639228,8.454068892528138,-0.3240937137029962,0.0,0,0
801,0.6574932598276524,0.06061568055657983,0.6604718049036048,0.06020088226888995,0.6589825323656286,0.06040828141273489,0.6589825323656286,0.06040828141273489,0.0030072892093961972,0.9904418459807667,-0.13793096001337468,0.13793096001337474,0.9904418459807667,8.442406752028424,-0.3204431363567515,0.0,0,0
802,0.6604718049036048,0.06020088226888995,0.6634440148274713,0.059784919415941745,0.661957909865538,0.05999290084241585,0.661957909865538,0.05999290084241585,0.0030011759239610123,0.9903484497982059,-0.13859995664606284,0.1385999566460629,0.9903484497982059,8.4307662033875,-0.316804343222302,0.0,0,0
803,0.6634440148274713,0.059784919415941745,0.6664097722614934,0.059367830381521575,0.6649268935444823,0.05957637489873166,0.6649268935444823,0.05957637489873166,0.00299494247358631,0.99025522532685,-0.13926445602834078,0.13926445602834084,0.99025522532685,8.419146757904656,-0.3131771539109469,0.0,0,0
804,0.6664097722614934,0.059367830381521575,0.6693689601226457,0.05894965343732834,0.6678893661920695,0.05915874190942495,0.6678893661920695,0.05915874190942495,0.00298858909089984,0.9901621705582976,-0.13992453678780145,0.1399245367878015,0.9901621705582976,8.407547920342001,-0.3095613868893978,0.0,0,0
805,0.6693689601226457,0.05894965343732834,0.6723214615872586,0.05853042674379515,0.6708452108549521,0.058740040090561746,0.6708452108549521,0.058740040090561746,0.002982116013690965,0.9900692833739184,-0.1405802764240261,0.14058027642402615,0.9900692833739184,8.39596918911925,-0.3059568595506177,0.0,0,0
806,0.6723214615872586,0.05853042674379515,0.6752671600956295,0.058110188350998286,0.673794310841444,0.05832030754739671,0.673794310841444,0.05832030754739671,0.002975523484867666,0.9899765615534724,-0.1412317512982259,0.14123175129822596,0.9899765615534724,8.384410056510792,-0.3023633882848922,0.0,0,0
807,0.6752671600956295,0.058110188350998286,0.6782059393566254,0.057688976199651,0.6767365497261275,0.05789958227532464,0.6767365497261275,0.05789958227532464,0.002968811752419225,0.9898840027836718,-0.14187903662266538,0.14187903662266543,0.9898840027836718,8.372870008847356,-0.2987807885518392,0.0,0,0
808,0.6782059393566254,0.057688976199651,0.6811376833522729,0.05726682812217824,0.6796718113544491,0.05747790216091462,0.6796718113544491,0.05747790216091462,0.002961981069373801,0.9897916046665507,-0.14252220645083602,0.14252220645083608,0.9897916046665506,8.36134852672087,-0.29520887495292225,0.0,0,0
809,0.6811376833522729,0.05726682812217824,0.684062276342339,0.056843781843869165,0.6825999798473059,0.057055304983023705,0.6825999798473059,0.057055304983023705,0.0029550316937614835,0.9896993647277437,-0.1431613336676516,0.14316133366765166,0.9896993647277437,8.349845085193412,-0.29164746130474795,0.0,0,0
810,0.684062276342339,0.056843781843869165,0.6869796028689003,0.05641987498410482,0.6855209396056197,0.05663182841398699,0.6855209396056197,0.05663182841398699,0.002947963888573509,0.9896072804246454,-0.14379648997989233,0.1437964899798924,0.9896072804246454,8.338359154009094,-0.28809636071276756,0.0,0,0
811,0.6869796028689003,0.05641987498410482,0.6898895477609006,0.055995145057656744,0.6884345753149004,0.056207510020880785,0.6884345753149004,0.056207510020880785,0.0029407779217240425,0.9895153491544149,-0.1444277459071366,0.14442774590713667,0.9895153491544149,8.326890197810899,-0.28455538564602323,0.0,0,0
812,0.6898895477609006,0.055995145057656744,0.6927919961386982,0.055569629476053824,0.6913407719497995,0.055782387266855284,0.6913407719497995,0.055782387266855284,0.0029334740660123377,0.9894235682618854,-0.1450551707727728,0.14505517077277286,0.9894235682618854,8.315437676362166,-0.2810243480128214,0.0,0,0
813,0.6927919961386982,0.055569629476053824,0.6956868334186013,0.05514336554901355,0.6942394147786497,0.05535649751253369,0.6942394147786497,0.05535649751253369,0.0029260525990850135,0.9893319350473242,-0.14567883269547827,0.14567883269547832,0.9893319350473242,8.304001044769862,-0.2775030592364589,0.0,0,0
814,0.6956868334186013,0.05514336554901355,0.6985739453173904,0.054716390485934935,0.6971303893679959,0.054929878017474246,0.6971303893679959,0.054929878017474246,0.0029185138033972994,0.9892404467740912,-0.14629879858083733,0.14629879858083739,0.9892404467740912,8.292579753716442,-0.2739913303330759,0.0,0,0
815,0.6985739453173904,0.054716390485934935,0.7014532178568313,0.05428874139744865,0.7000135815871109,0.0545025659416918,0.7000135815871109,0.0545025659416918,0.002910857966178023,0.9891491006761435,-0.14691513411346183,0.14691513411346188,0.9891491006761435,8.281173249692065,-0.2704889719891086,0.0,0,0
816,0.7014532178568313,0.05428874139744865,0.7043245373681745,0.05386045529702173,0.7028888776125028,0.05407459834723519,0.7028888776125028,0.05407459834723519,0.002903085379391826,0.9890578939654324,-0.14752790374930225,0.1475279037493023,0.9890578939654324,8.269780975234884,-0.26699579464070045,0.0,0,0
817,0.7043245373681745,0.05386045529702173,0.707187790496642,0.0534315691026131,0.7057561639324083,0.05364601219981741,0.7057561639324083,0.05364601219981741,0.0028951963397037,0.9889668238391772,-0.1481371707082658,0.14813717070826585,0.9889668238391772,8.25840236917553,-0.26351160855386446,0.0,0,0
818,0.707187790496642,0.0534315691026131,0.7100428642059031,0.05300211963837647,0.7086153273512725,0.05321684437049479,0.7086153273512725,0.05321684437049479,0.002887191148442886,0.9888758874870037,-0.14874299696722101,0.14874299696722107,0.9888758874870037,8.24703686688619,-0.26003622390552317,0.0,0,0
819,0.7100428642059031,0.05300211963837647,0.7128896457825363,0.05257214363640653,0.7114662549942197,0.0527871316373915,0.7114662549942197,0.0527871316373915,0.002879070111568715,0.9887850820979431,-0.14934544325343146,0.14934544325343152,0.9887850820979431,8.235683900536486,-0.25656945086607763,0.0,0,0
820,0.7128896457825363,0.05257214363640653,0.7157280228404795,0.052141677738526224,0.7143088343115079,0.05235691068746638,0.7143088343115079,0.05235691068746638,0.002870833539635527,0.9886944048673618,-0.14994456903793896,0.149944569037939,0.9886944048673618,8.224342899355445,-0.2531110996832886,0.0,0,0
821,0.7157280228404795,0.052141677738526224,0.7185578833254666,0.051710758498109556,0.717142953082973,0.05192621811831789,0.717142953082973,0.05192621811831789,0.002862481747758788,0.9886038530036683,-0.15054043252994043,0.15054043252994048,0.9886038530036683,8.213013289898457,-0.24966098076710597,0.0,0,0
822,0.7185578833254666,0.051710758498109556,0.7213791155194509,0.051279422381938375,0.7199684994224587,0.05149509044002397,0.7199684994224587,0.05149509044002397,0.002854015055581751,0.9885134237349938,-0.15113309067084088,0.15113309067084094,0.9885134237349937,8.201694496322174,-0.24621890477634634,0.0,0,0
823,0.7213791155194509,0.051279422381938375,0.724191608045016,0.05084770577208864,0.7227853617822335,0.05106356407701351,0.7227853617822335,0.05106356407701351,0.002845433787242283,0.9884231143157043,-0.15172259912895042,0.15172259912895047,0.9884231143157043,8.190385940667415,-0.24278468270721443,0.0,0,0
824,0.724191608045016,0.05084770577208864,0.7269952498697734,0.05041564496784165,0.7255934289573946,0.05063167536996514,0.7255934289573946,0.05063167536996514,0.0028367382713417946,0.9883329220327406,-0.15230901229482371,0.15230901229482377,0.9883329220327406,8.179087043146142,-0.23935812598245398,0.0,0,0
825,0.7269952498697734,0.05041564496784165,0.7297899303107439,0.04998327618761906,0.7283925900902586,0.05019946057773035,0.7283925900902586,0.05019946057773035,0.0028279288409106787,0.9882428442119355,-0.15289238327629018,0.15289238327629023,0.9882428442119355,8.167797222441239,-0.2359390465437663,0.0,0,0
826,0.7297899303107439,0.04998327618761906,0.7325755390387292,0.04955063557093541,0.7311827346747366,0.049766955879277236,0.7311827346747366,0.049766955879277236,0.002819005833380301,0.9881528782241021,-0.15347276389451914,0.1534727638945192,0.9881528782241021,8.156515896010589,-0.23252725694489307,0.0,0,0
827,0.7325755390387292,0.04955063557093541,0.7353519660826663,0.04911775918036691,0.7339637525606977,0.04933419737565116,0.7339637525606977,0.04933419737565116,0.0028099695905502123,0.9880630214910823,-0.15405020467988087,0.15405020467988093,0.9880630214910822,8.145242480403056,-0.22912257044764361,0.0,0,0
828,0.7353519660826663,0.04911775918036691,0.7381191018339697,0.048684683003530536,0.7367355339583179,0.04890122109194872,0.7367355339583179,0.04890122109194872,0.002800820458559341,0.9879732714915674,-0.1546247548688425,0.15462475486884258,0.9879732714915674,8.133976391582936,-0.22572480111981008,0.0,0,0
829,0.7381191018339697,0.048684683003530536,0.7408768370508577,0.04825144295507271,0.7394979694424137,0.04846806297930162,0.7394979694424137,0.04846806297930162,0.002791558787855327,0.9878836257669262,-0.15519646240037688,0.15519646240037693,0.9878836257669262,8.122717045264938,-0.22233376393555293,0.0,0,0
830,0.7408768370508577,0.04825144295507271,0.7436250628626663,0.047818074878661306,0.742250949956762,0.04803475891686701,0.742250949956762,0.04803475891686701,0.0027821849331673342,0.9877940819267839,-0.15576537391353112,0.15576537391353118,0.9877940819267839,8.111463857260343,-0.21894927487843918,0.0,0,0
831,0.7436250628626663,0.047818074878661306,0.7463636707741457,0.04738461454897925,0.744994366818406,0.04760134471382028,0.744994366818406,0.04760134471382028,0.0027726992534758644,0.9877046376545413,-0.15633153474494899,0.15633153474494907,0.9877046376545413,8.10021624383595,-0.21557115104757751,0.0,0,0
832,0.7463636707741457,0.04738461454897925,0.7490925526697454,0.046951097673715046,0.7477281117219455,0.04716785611134715,0.7477281117219455,0.04716785611134715,0.0027631021119876786,0.9876152907127489,-0.1568949889269015,0.15689498892690157,0.9876152907127489,8.088973622083536,-0.2121992107661308,0.0,0,0
833,0.7490925526697454,0.046951097673715046,0.7518116008178803,0.04651755989554806,0.7504520767438129,0.04673432878463155,0.7504520767438129,0.04673432878463155,0.0027533938761052823,0.9875260389483707,-0.15745577918558917,0.15745577918558923,0.9875260389483707,8.07773541030597,-0.20883327369402194,0.0,0,0
834,0.7518116008178803,0.04651755989554806,0.7545207078751857,0.04608403679412328,0.753166154346533,0.04630079834483567,0.753166154346533,0.04630079834483567,0.002743574917404375,0.9874368802978893,-0.1580139469400466,0.15801394694004667,0.9874368802978892,8.066501028415217,-0.20547316094335222,0.0,0,0
835,0.7545207078751857,0.04608403679412328,0.7572197668907532,0.045650563888014174,0.7558702373829694,0.04586730034106873,0.7558702373829694,0.04586730034106873,0.002733645611604978,0.9873478127923391,-0.15856953230108262,0.15856953230108267,0.9873478127923391,8.05526989834881,-0.2021186951984717,0.0,0,0
836,0.7572197668907532,0.045650563888014174,0.7599086713103548,0.04521717663666761,0.7585642191005539,0.04543387026234089,0.7585642191005539,0.04543387026234089,0.0027236063385486847,0.9872588345621165,-0.15912257407122185,0.1591225740712219,0.9872588345621165,8.04404144450014,-0.19876970083925172,0.0,0,0
837,0.7599086713103548,0.04521717663666761,0.7625873149806479,0.04478391044233088,0.7612479931455014,0.04500054353949925,0.7612479931455014,0.04500054353949925,0.0027134574821722395,0.9871699438418196,-0.15967310974406065,0.1596731097440607,0.9871699438418196,8.032815094171115,-0.19542600407006994,0.0,0,0
838,0.7625873149806479,0.04478391044233088,0.7652555921533671,0.04435080065195359,0.7639214535670076,0.04456735554714224,0.7639214535670076,0.04456735554714224,0.0027031994304851353,0.9870811389747727,-0.16022117550519197,0.16022117550519202,0.9870811389747727,8.021590278039916,-0.19208743305228038,0.0,0,0
839,0.7652555921533671,0.04435080065195359,0.7679133974894983,0.043917882559064626,0.7665844948214326,0.04413434160550911,0.7665844948214326,0.04413434160550911,0.0026928325755452677,0.9869924184176065,-0.16076680623239442,0.16076680623239448,0.9869924184176065,8.010366430654615,-0.18875381804331348,0.0,0,0
840,0.7679133974894983,0.043917882559064626,0.7705606260634379,0.0434851914056178,0.7692370117764681,0.043701536982341214,0.7692370117764681,0.043701536982341214,0.0026823573134378527,0.9869037807445533,-0.16131003549719594,0.161310035497196,0.9869037807445533,7.999142990946585,-0.18542499154053527,0.0,0,0
841,0.7705606260634379,0.0434851914056178,0.7731971733671346,0.04305276238380569,0.7718788997152862,0.04326897689471175,0.7718788997152862,0.04326897689471175,0.002671774044251413,0.9868152246517483,-0.1618508955660104,0.16185089556601046,0.9868152246517482,7.98791940276914,-0.18210078843141075,0.0,0,0
842,0.7731971733671346,0.04305276238380569,0.7758229353142151,0.04262063063783677,0.7745100543406749,0.042836696510821226,0.7745100543406749,0.042836696510821226,0.0026610831720580027,0.9867267489613424,-0.16238941740205876,0.1623894174020588,0.9867267489613424,7.976695115466114,-0.17878104615129198,0.0,0,0
843,0.7758229353142151,0.04262063063783677,0.778437808244094,0.042188831265671856,0.7771303717791546,0.042404730951754316,0.7771303717791546,0.042404730951754316,0.002650285104892622,0.9866383526254189,-0.1629256306681046,0.16292563066810464,0.9866383526254189,7.9654695844640715,-0.17546560484687057,0.0,0,0
844,0.778437808244094,0.042188831265671856,0.7810416889260654,0.04175739932071974,0.7797397485850797,0.0419731152931958,0.7797397485850797,0.0419731152931958,0.0026393802547319428,0.9865500347299607,-0.16345956372850518,0.16345956372850523,0.9865500347299607,7.954242271900946,-0.17215430754899974,0.0,0,0
845,0.7810416889260654,0.04175739932071974,0.7836344745633783,0.04132636981348607,0.7823380817447219,0.04154188456710291,0.7823380817447219,0.04154188456710291,0.002628369037475944,0.9864617944985365,-0.1639912436526021,0.16399124365260215,0.9864617944985365,7.943012647287005,-0.1688470003535656,0.0,0,0
846,0.7836344745633783,0.04132636981348607,0.7862160627972955,0.04089577771317318,0.784925268680337,0.04111107376332963,0.784925268680337,0.04111107376332963,0.0026172518729292234,0.9863736312958976,-0.16452069621827137,0.16452069621827142,0.9863736312958975,7.93178018820149,-0.16554353261129306,0.0,0,0
847,0.7862160627972955,0.04089577771317318,0.7887863517111339,0.04046565794922881,0.7875012072542147,0.040680717831200995,0.7875012072542147,0.040680717831200995,0.0026060291847820874,0.9862855446314942,-0.16504794591559432,0.16504794591559438,0.9862855446314941,7.920544381031208,-0.16224375712821004,0.0,0,0
848,0.7887863517111339,0.04046565794922881,0.791345239834288,0.04003604541283966,0.7900657957727109,0.04025085168103423,0.7900657957727109,0.04025085168103423,0.0025947014005934725,0.9861975341628129,-0.16557301595123383,0.1655730159512339,0.9861975341628129,7.9093047217521315,-0.15894753037696674,0.0,0,0
849,0.791345239834288,0.04003604541283966,0.7938926261462365,0.039606974958367666,0.7926189329902622,0.03982151018560366,0.7926189329902622,0.03982151018560366,0.0025832689517747507,0.9861095996986333,-0.16609592825292627,0.16609592825292632,0.9861095996986333,7.8980607167586925,-0.15565471272023168,0.0,0,0
850,0.7938926261462365,0.039606974958367666,0.7964284100805297,0.0391784814047255,0.7951605181133831,0.039392728181546585,0.7951605181133831,0.039392728181546585,0.0025717322735721256,0.9860217412020958,-0.16661670347473329,0.16661670347473334,0.9860217412020958,7.886811883743233,-0.15236516864674332,0.0,0,0
851,0.7964284100805297,0.0391784814047255,0.7989524915287595,0.03875059953668942,0.7976904508046445,0.03896454047070746,0.7976904508046445,0.03896454047070746,0.002560091805051506,0.9859339587937224,-0.1671353610022084,0.16713536100220847,0.9859339587937224,7.8755577526340215,-0.14907876702231726,0.0,0,0
852,0.7989524915287595,0.03875059953668942,0.8014647708445124,0.03832336410614536,0.8002086311866359,0.03853698182141739,0.8002086311866359,0.03853698182141739,0.0025483479890847276,0.9858462527542197,-0.1676519189584877,0.16765191895848774,0.9858462527542197,7.864297866592314,-0.14579538135576176,0.0,0,0
853,0.8014647708445124,0.03832336410614536,0.8039651488473027,0.03789680983326721,0.8027149598459076,0.03811008696970629,0.8027149598459076,0.03811008696970629,0.0025365012723333026,0.9857586235272319,-0.16816639421030918,0.16816639421030927,0.9857586235272319,7.853031783076352,-0.14251489008181828,0.0,0,0
854,0.8039651488473027,0.03789680983326721,0.8064535268264883,0.03747097140762397,0.8052093378368955,0.03768389062044559,0.8052093378368955,0.03768389062044559,0.0025245521052356763,0.9856710717219491,-0.16867880237452545,0.1686788023745255,0.9856710717219491,7.841759074979351,-0.13923717686296655,0.0,0,0
855,0.8064535268264883,0.03747097140762397,0.8089298065451673,0.037045883489212915,0.8076916666858278,0.03725842744841844,0.8076916666858278,0.03725842744841844,0.0025125009419938817,0.9855835981155469,-0.16918915782523514,0.1691891578252352,0.9855835981155467,7.830479331846369,-0.1359621309112815,0.0,0,0
856,0.8089298065451673,0.037045883489212915,0.8113938902440562,0.03662158070941678,0.8101618483946118,0.03683373209931485,0.8101618483946118,0.03683373209931485,0.00250034824056019,0.9854962036555259,-0.16969747370113109,0.16969747370113114,0.9854962036555259,7.819192161176906,-0.13268964733208577,0.0,0,0
857,0.8113938902440562,0.03662158070941678,0.8138456806453502,0.036198097671882784,0.8126197854447033,0.03640983919064979,0.8126197854447033,0.03640983919064979,0.002488094462627318,0.98540888946197,-0.17020376191297,0.17020376191297007,0.98540888946197,7.807897189824461,-0.12941962749237534,0.0,0,0
858,0.8138456806453502,0.036198097671882784,0.8162850809565623,0.03577546895332067,0.8150653808009563,0.03598678331260173,0.8150653808009563,0.03598678331260173,0.0024757400736133096,0.9853216568295736,-0.1707080331519992,0.17070803315199926,0.9853216568295735,7.796594065498893,-0.1261519794154038,0.0,0,0
859,0.8162850809565623,0.03577546895332067,0.8187119948743449,0.03535372910421796,0.8174985379154536,0.035564599028769316,0.8174985379154536,0.035564599028769316,0.002463285542653973,0.9852345072296478,-0.17121029689815098,0.17121029689815104,0.9852345072296478,7.785282458383936,-0.12288661820467839,0.0,0,0
860,0.8187119948743449,0.03535372910421796,0.8211263265882922,0.03493291264946986,0.8199191607313185,0.03514332087684391,0.8199191607313185,0.03514332087684391,0.0024507313425911554,0.9851474423119212,-0.1717105614290508,0.17171056142905086,0.9851474423119212,7.773962062878987,-0.11962346649962363,0.0,0,0
861,0.8211263265882922,0.03493291264946986,0.8235279807847222,0.034513054088922156,0.8223271536865072,0.034722983369196006,0.8223271536865072,0.034722983369196006,0.0024380779499628574,0.9850604639062511,-0.17220883382916616,0.1722088338291662,0.9850604639062511,7.762632599479233,-0.11636245496658226,0.0,0,0
862,0.8235279807847222,0.034513054088922156,0.8259168626504394,0.03409418789782511,0.8247224217175808,0.03430362099337363,0.8247224217175808,0.03430362099337363,0.0024253258449941344,0.9849735740242159,-0.17270511999927077,0.17270511999927082,0.9849735740242159,7.751293816807811,-0.11310352282865543,0.0,0,0
863,0.8259168626504394,0.03409418789782511,0.8282928778764783,0.033676348527195685,0.8271048702634589,0.033885268212510394,0.8271048702634589,0.033885268212510394,0.0024124755115890336,0.9848867748605251,-0.17319942466657737,0.17319942466657742,0.984886774860525,7.739945493813617,-0.10984661843781618,0.0,0,0
864,0.8282928778764783,0.033676348527195685,0.830655932661826,0.0332595704040877,0.8294744052691522,0.0334679594656417,0.8294744052691522,0.0334679594656417,0.002399527437320963,0.9848000687943882,-0.17369175139472873,0.17369175139472878,0.9848000687943882,7.72858744215446,-0.10659169989442385,0.0,0,0
865,0.830655932661826,0.0332595704040877,0.8330059337171258,0.0328438879317662,0.831830933189476,0.03305172916792695,0.831830933189476,0.03305172916792695,0.002386482113426694,0.9847134583906431,-0.17418210259478265,0.1741821025947827,0.984713458390643,7.7172195087825965,-0.10333873571844165,0.0,0,0
866,0.8330059337171258,0.0328438879317662,0.83534278826836,0.03242933548978658,0.8341743609927429,0.03263661171077639,0.8341743609927429,0.03263661171077639,0.002373340034797975,0.9846269464008904,-0.17467047953577655,0.1746704795357766,0.9846269464008903,7.705841578755447,-0.10008770557823987,0.0,0,0
867,0.83534278826836,0.03242933548978658,0.8376664040605122,0.03201594743397465,0.8365045961644361,0.03222264146188061,0.8365045961644361,0.03222264146188061,0.002360101699975495,0.9845405357643529,-0.17515688235647806,0.1751568823564781,0.9845405357643529,7.694453578295302,-0.09683860108308551,0.0,0,0
868,0.8376664040605122,0.03201594743397465,0.8399766893612096,0.03160375809630828,0.8388215467108608,0.031809852765141464,0.8388215467108608,0.031809852765141464,0.0023467676111418602,0.9844542296087532,-0.1756413100766339,0.17564131007663397,0.9844542296087532,7.683055478125224,-0.09359142664629627,0.0,0,0
869,0.8399766893612096,0.03160375809630828,0.8422735529643444,0.031192801784697247,0.841125121162777,0.03139827994050277,0.841125121162777,0.03139827994050277,0.0023333382741167383,0.9843680312509343,-0.17612376060929313,0.1761237606092932,0.9843680312509343,7.671647297112219,-0.0903462004270481,0.0,0,0
870,0.8422735529643444,0.031192801784697247,0.8445569041936742,0.030783112782661496,0.8434152285790093,0.03098795728367937,0.8434152285790093,0.03098795728367937,0.0023198141983510907,0.9842819441974574,-0.17660423077285903,0.17660423077285908,0.9842819441974574,7.660229106251279,-0.08710295535943313,0.0,0,0
871,0.8445569041936742,0.030783112782661496,0.8468266529064026,0.0303747253489054,0.8456917785500384,0.030578919065783448,0.8456917785500384,0.030578919065783448,0.0023061958969224257,0.9841959721449824,-0.17708271630397152,0.1770827163039716,0.9841959721449824,7.648801033032538,-0.08386174027970683,0.0,0,0
872,0.8468266529064026,0.0303747253489054,0.8490827094967364,0.029967673716787806,0.8479546812015695,0.030171199532846603,0.8479546812015695,0.030171199532846603,0.0022924838865296553,0.9841101189805915,-0.17755921187031096,0.17755921187031104,0.9841101189805915,7.637363266232266,-0.0806226211620833,0.0,0,0
873,0.8490827094967364,0.029967673716787806,0.8513249848994245,0.02956199209368618,0.8502038471980804,0.029764832905236994,0.8502038471980804,0.029764832905236994,0.002278678687490361,0.9840243887819577,-0.17803371108386892,0.17803371108386898,0.9840243887819577,7.625916061183403,-0.07738568247753275,0.0,0,0
874,0.8513249848994245,0.02956199209368618,0.8535533905932737,0.029157714660253853,0.8524391877463491,0.029359853376970016,0.8524391877463491,0.029359853376970016,0.002264780823735956,0.9839387858173565,-0.17850620651469318,0.17850620651469323,0.9839387858173565,7.614459745580842,-0.07415102868971934,0.0,0,0
875,0.8535533905932737,0.029157714660253853,0.8557678386046427,0.028754875569569995,0.8546606145989581,0.028956295114911924,0.8546606145989581,0.028956295114911924,0.002250790822808476,0.9838533145456018,-0.17897668970464622,0.17897668970464628,0.9838533145456018,7.602994725889908,-0.07091878590575096,0.0,0,0
876,0.8557678386046427,0.028754875569569995,0.8579682415109156,0.02835350894618103,0.8568680400577791,0.02855419225787551,0.8568680400577791,0.02855419225787551,0.0022367092158581538,0.9837679796158286,-0.1794451511816094,0.17944515118160945,0.9837679796158286,7.591521494436656,-0.06768910370204928,0.0,0,0
877,0.8579682415109156,0.02835350894618103,0.8601545124439535,0.02795364888503317,0.8590613769774345,0.0281535789156071,0.8590613769774345,0.0281535789156071,0.00222253653764064,0.983682785867168,-0.1799115804738747,0.17991158047387476,0.9836827858671678,7.580040637269294,-0.0644621571483952,0.0,0,0
878,0.8601545124439535,0.02795364888503317,0.8623265650935233,0.027555329450294437,0.8612405387687384,0.027754489167663803,0.8612405387687384,0.027754489167663803,0.0022082733265142043,0.9835977383282071,-0.1803759661253016,0.18037596612530166,0.9835977383282071,7.568552842891661,-0.0612381490561722,0.0,0,0
879,0.8623265650935233,0.027555329450294437,0.8644843137107059,0.02715858467406763,0.8634054394021147,0.027356957062181032,0.8634054394021147,0.027356957062181032,0.002193920124438543,0.9835128422165061,-0.18083829570975798,0.18083829570975804,0.9835128422165061,7.557058911996093,-0.058017312483876315,0.0,0,0
880,0.8644843137107059,0.02715858467406763,0.8666276731112801,0.02676344855499164,0.865555993410993,0.026961016614529636,0.865555993410993,0.026961016614529636,0.002179477476971995,0.9834281029377838,-0.1812985558469557,0.18129855584695576,0.9834281029377838,7.545559768332238,-0.05479991353514846,0.0,0,0
881,0.8666276731112801,0.02676344855499164,0.8687565586790869,0.02636995505673187,0.8676921158951835,0.026566701805861757,0.8676921158951835,0.026566701805861757,0.0021649459332714685,0.9833435260851033,-0.18175673221786218,0.18175673221786226,0.9833435260851033,7.534056470880928,-0.05158625449321863,0.0,0,0
882,0.8687565586790869,0.02636995505673187,0.8708708863693696,0.025978138106359683,0.8698137225242282,0.026174046581545776,0.8698137225242282,0.026174046581545776,0.002150326046090531,0.9832591174379197,-0.18221280958045516,0.18221280958045522,0.9832591174379197,7.5225502275285585,-0.04837667734245121,0.0,0,0
883,0.8708708863693696,0.025978138106359683,0.8729705727120911,0.025588031592620464,0.8719207295407303,0.025783084849490073,0.8719207295407303,0.025783084849490073,0.002135618371777361,0.9831748829609713,-0.18266677178589508,0.18266677178589513,0.9831748829609713,7.511042410476321,-0.04517156773788189,0.0,0,0
884,0.8729705727120911,0.025588031592620464,0.8750555348152298,0.025199669364089405,0.8740130537636605,0.025393850478354935,0.8740130537636605,0.025393850478354935,0.0021208234702761357,0.9830908288030316,-0.18311860179503445,0.1831186017950345,0.9830908288030316,7.499534573656045,-0.041971359493296,0.0,0,0
885,0.8750555348152298,0.025199669364089405,0.877125690368052,0.02481308522721653,0.8760906125916409,0.025006377295652967,0.8760906125916409,0.025006377295652967,0.0021059419051251897,0.9830069612956073,-0.18356828169478653,0.1835682816947866,0.9830069612956073,7.488028472485919,-0.03877653967460115,0.0,0,0
886,0.877125690368052,0.02481308522721653,0.879180957644361,0.024428312944260188,0.8781533240062065,0.024620699085738357,0.8781533240062065,0.024620699085738357,0.0020909742434564,0.9829232869514583,-0.18401579271503107,0.18401579271503113,0.9829232869514583,7.476526086358168,-0.035587654400509816,0.0,0,0
887,0.879180957644361,0.024428312944260188,0.8812212555057239,0.024045386231109068,0.8802011065750425,0.024236849587684628,0.8802011065750425,0.024236849587684628,0.002075921055995855,0.9828398124629955,-0.18446111524574488,0.18446111524574496,0.9828398124629955,7.465029644328185,-0.032405315472741725,0.0,0,0
888,0.8812212555057239,0.024045386231109068,0.883246503404675,0.023664338754993505,0.8822338794551995,0.023854862493051285,0.8822338794551995,0.023854862493051285,0.0020607829170632788,0.9827565447005792,-0.18490422885423297,0.18490422885423302,0.9827565447005792,7.453541654573836,-0.02923020798393483,0.0,0,0
889,0.883246503404675,0.023664338754993505,0.8852566213878947,0.023285204132086186,0.8842515623962849,0.023474771443539846,0.8842515623962849,0.023474771443539846,0.0020455604045714055,0.9826734907106662,-0.18534511230273676,0.18534511230273681,0.9826734907106662,7.4420649383048225,-0.02606309908037252,0.0,0,0
890,0.8852566213878947,0.023285204132086186,0.8872515300993669,0.02290801592499358,0.8862540757436308,0.023096610028539882,0.8862540757436308,0.023096610028539882,0.00203025410002716,0.9825906577139452,-0.18578374356567562,0.18578374356567567,0.9825906577139452,7.430602668947741,-0.022904848094750907,0.0,0,0
891,0.8872515300993669,0.02290801592499358,0.8892311507835117,0.02253280764013622,0.8882413404414393,0.022720411782564898,0.8882413404414393,0.022720411782564898,0.0020148645885318377,0.9825080531031083,-0.18622009984837762,0.18622009984837767,0.9825080531031083,7.419158417586546,-0.019756418304120338,0.0,0,0
892,0.8892311507835117,0.02253280764013622,0.891195405288294,0.022159612725022263,0.8902132780359029,0.02234621018257924,0.8902132780359029,0.02234621018257924,0.00199939245877956,0.9824256844408213,-0.18665415760433463,0.1866541576043347,0.9824256844408213,7.407736205855861,-0.016618890625079263,0.0,0,0
893,0.891195405288294,0.022159612725022263,0.8931442160683094,0.021788464565411676,0.8921698106783017,0.02197403864521697,0.8921698106783017,0.02197403864521697,0.0019838383030596498,0.9823435594573313,-0.18708589255392963,0.18708589255392968,0.9823435594573313,7.39634056770714,-0.013493479615882986,0.0,0,0
894,0.8931442160683094,0.021788464565411676,0.8950775061878452,0.021419396482373263,0.8941108611280773,0.02160393052389247,0.8941108611280773,0.02160393052389247,0.00196820271725562,0.9822616860480213,-0.18751527970301082,0.18751527970301088,0.9822616860480213,7.384976621745742,-0.010381552227303636,0.0,0,0
895,0.8950775061878452,0.021419396482373263,0.8969951993239177,0.02105244172923655,0.8960363527558814,0.021235919105804905,0.8960363527558814,0.021235919105804905,0.0019524863008454493,0.9821800722709814,-0.18794229336094026,0.18794229336094032,0.9821800722709814,7.373650156162616,-0.007284649828473766,0.0,0,0
896,0.8969951993239177,0.02105244172923655,0.8988972197692855,0.02068763348843675,0.8979462095466015,0.02087003760883665,0.8979462095466015,0.02087003760883665,0.0019366896569023597,0.9820987263442048,-0.18836690716017696,0.188366907160177,0.9820987263442048,7.362367728623555,-0.004204514121278091,0.0,0,0
897,0.8988972197692855,0.02068763348843675,0.9007834924354383,0.020325004868257106,0.8998403561023619,0.02050631917834693,0.8998403561023619,0.02050631917834693,0.0019208133920942626,0.9820176566429594,-0.18878909407450106,0.18878909407450112,0.9820176566429594,7.3511367838906425,-0.0011431176631455653,0.0,0,0
898,0.9007834924354383,0.020325004868257106,0.9026539428555609,0.019964588899467645,0.9017187176454996,0.020144796883862375,0.9017187176454996,0.020144796883862375,0.0019048581166835365,0.9819368716968427,-0.18920882643845718,0.18920882643845724,0.9819368716968427,7.339965792345549,0.0018973001808674228,0.0,0,0
899,0.9026539428555609,0.019964588899467645,0.9045084971874737,0.019606418531861788,0.9035812200215173,0.019785503715664718,0.9035812200215173,0.019785503715664718,0.0018888244445282867,0.9818563801867747,-0.18962607596668732,0.18962607596668737,0.9818563801867746,7.328864413026126,0.004914190922574058,0.0,0,0
900,0.9045084971874737,0.019606418531861788,0.9063470822165469,0.019250526630693775,0.9054277897020103,0.01942847258127778,0.9054277897020103,0.01942847258127778,0.001872712993079573,0.9817761909419662,-0.190040813772947,0.19004081377294704,0.9817761909419662,7.317843685208557,0.007904647230297823,0.0,0,0
901,0.9063470822165469,0.019250526630693775,0.908169625358592,0.018896945973015895,0.9072583537875695,0.019073736301854834,0.9072583537875695,0.019073736301854834,0.0018565243833840632,0.9816963129366421,-0.19045301038997134,0.1904530103899714,0.9816963129366421,7.30691625298268,0.010865344656064702,0.0,0,0
902,0.908169625358592,0.018896945973015895,0.9099760546627262,0.018545709243919756,0.9090728400106591,0.018721327608467828,0.9090728400106591,0.018721327608467828,0.0018402592400803162,0.9816167552868129,-0.1908626357886459,0.19086263578864598,0.9816167552868129,7.296096627702742,0.013792473550450768,0.0,0,0
903,0.9099760546627262,0.018545709243919756,0.9117662988142137,0.01819684903268046,0.91087117673847,0.018371279138300108,0.91087117673847,0.018371279138300108,0.0018239181914002818,0.9815375272467681,-0.191269659398191,0.19126965939819107,0.9815375272467681,7.285401493691689,0.016681659774625657,0.0,0,0
904,0.9117662988142137,0.01819684903268046,0.913540287137281,0.017850397828807426,0.9126532929757474,0.018023623430743943,0.9126532929757474,0.018023623430743943,0.0018075018691675543,0.9814586382056192,-0.19167405012565372,0.19167405012565378,0.9814586382056191,7.274850063326108,0.019527872617700504,0.0,0,0
905,0.913540287137281,0.017850397828807426,0.9152979495979063,0.017506388018003267,0.9144191183675936,0.017678392923405346,0.9144191183675936,0.017678392923405346,0.0017910109087945624,0.9813800976836913,-0.1920757763757537,0.19207577637575377,0.9813800976836913,7.264464488895599,0.022325317983557635,0.0,0,0
906,0.9152979495979063,0.017506388018003267,0.9170392168065857,0.017164851878030914,0.916168583202246,0.017335619948017092,0.916168583202246,0.017335619948017092,0.0017744459492837071,0.9813019153287241,-0.19247480607128195,0.192474806071282,0.9813019153287241,7.254270340922996,0.02506731428821518,0.0,0,0
907,0.9170392168065857,0.017164851878030914,0.9187640200210708,0.016825821574493673,0.9179016184138282,0.016995336726262293,0.9179016184138282,0.016995336726262293,0.001757807633222323,0.981224100912153,-0.19287110667266127,0.19287110667266133,0.981224100912153,7.244297166673496,0.027746147413458044,0.0,0,0
908,0.9187640200210708,0.016825821574493673,0.9204722911490846,0.016489329156527618,0.9196181555850778,0.016657575365510643,0.9196181555850778,0.016657575365510643,0.0017410966067837852,0.9811466643251509,-0.193264645198313,0.19326464519831305,0.9811466643251509,7.2345791493475655,0.030352899235438935,0.0,0,0
909,0.9204722911490846,0.016489329156527618,0.9221639627510075,0.016155406552409917,0.9213181269500461,0.016322367854468767,0.9213181269500461,0.016322367854468767,0.0017243135197212095,0.9810696155745937,-0.19365538824499276,0.19365538824499282,0.9810696155745937,7.225155899103471,0.032877241381129574,0.0,0,0
910,0.9221639627510075,0.016155406552409917,0.9238389680425416,0.015824085565084703,0.9230014653967746,0.01598974605874731,0.9230014653967746,0.01598974605874731,0.0017074590253676161,0.9809929647790249,-0.19404330200771913,0.1940433020077192,0.9809929647790249,7.216073422987229,0.035307181590213954,0.0,0,0
911,0.9238389680425416,0.015824085565084703,0.925497240897346,0.01549539786760875,0.9246681044699439,0.015659741716346726,0.9246681044699439,0.015659741716346726,0.001690533780630552,0.980916722164425,-0.1944283523002758,0.19442835230027586,0.980916722164425,7.207385343447786,0.03762874400494387,0.0,0,0
912,0.925497240897346,0.01549539786760875,0.9271387158496476,0.015169374998519315,0.9263179783734967,0.015332386433064032,0.9263179783734967,0.015332386433064032,0.001673538445988874,0.9808408980599633,-0.19481050457540702,0.1948105045754071,0.9808408980599633,7.199154466247707,0.03982555637056129,0.0,0,0
913,0.9271387158496476,0.015169374998519315,0.9287633280968262,0.01484604835712584,0.9279510219732369,0.015007711677822578,0.9279510219732369,0.015007711677822578,0.0016564736854889734,0.9807655028935833,-0.1951897239454388,0.19518972394543888,0.9807655028935833,7.191454840849259,0.0418783057880695,0.0,0,0
914,0.9287633280968262,0.01484604835712584,0.9303710135019718,0.014525449198729619,0.929567170799399,0.01468574877792773,0.929567170799399,0.01468574877792773,0.0016393401667386621,0.9806905471876698,-0.19556597520210106,0.19556597520210114,0.9806905471876698,7.184374514580756,0.04376400898932309,0.0,0,0
915,0.9303710135019718,0.014525449198729619,0.9319617085964176,0.01420760862977139,0.9311663610491947,0.014366528914250505,0.9311663610491947,0.014366528914250505,0.0016221385609033205,0.9806160415543966,-0.19593922283755702,0.1959392228375571,0.9806160415543966,7.1780192650639885,0.04545502061974471,0.0,0,0
916,0.9319617085964176,0.01420760862977139,0.933535350582245,0.01389255760291155,0.9327485295893313,0.014050083116341469,0.9327485295893313,0.014050083116341469,0.0016048695426994525,0.9805419966912124,-0.19630943106435417,0.19630943106435422,0.9805419966912123,7.172517720163871,0.04691766912807527,0.0,0,0
917,0.933535350582245,0.01389255760291155,0.9350918773347628,0.013580326912044544,0.934313613958504,0.013736442257478047,0.934313613958504,0.013736442257478047,0.0015875337903877777,0.980468423376125,-0.19667656383599857,0.19667656383599863,0.980468423376125,7.168028470925155,0.04811035635690808,0.0,0,0
918,0.9350918773347628,0.013580326912044544,0.9366312274049601,0.013270947187250123,0.9358615523698615,0.013425637049647334,0.9358615523698615,0.013425637049647334,0.0015701319857674685,0.9803953324629644,-0.19704058486726417,0.19704058486726425,0.9803953324629644,7.164750103537655,0.04898086917601108,0.0,0,0
919,0.9366312274049601,0.013270947187250123,0.9381533400219317,0.01296444888968442,0.9373922837134459,0.013117698038467272,0.9373922837134459,0.013117698038467272,0.0015526648141678844,0.9803227348765561,-0.1974014576545713,0.19740145765457134,0.9803227348765561,7.162935617189561,0.049462502923898644,0.0,0,0
920,0.9381533400219317,0.01296444888968442,0.9396581550952782,0.012660862306413577,0.9389057475586049,0.012812655598048998,0.9389057475586049,0.012812655598048998,0.001535132964440766,0.9802506416078572,-0.19775914549619264,0.1977591454961927,0.9802506416078572,7.162913636686026,0.04946833663841854,0.0,0,0
921,0.9396581550952782,0.012660862306413577,0.9411456132174767,0.012360217545192197,0.9404018841563775,0.012510539925802887,0.9404018841563775,0.012510539925802887,0.0015175371289507964,0.9801790637089277,-0.19811361151291387,0.19811361151291393,0.9801790637089277,7.165120532775218,0.04888252816109517,0.0,0,0
922,0.9411456132174767,0.012360217545192197,0.9426156556662277,0.012062544529190247,0.9418806344418522,0.012211381037191223,0.9418806344418522,0.012211381037191223,0.0014998780035675083,0.9801080122879977,-0.1984648186678689,0.19846481866786894,0.9801080122879977,7.1701507938445825,0.04754659847272591,0.0,0,0
923,0.9426156556662277,0.012062544529190247,0.9440682244067722,0.011767872991670938,0.9433419400365,0.011915208760430594,0.9433419400365,0.011915208760430594,0.0014821562876535228,0.980037498504346,-0.19881272978696313,0.19881272978696318,0.980037498504346,7.178839482695077,0.04523686033763552,0.0,0,0
924,0.9440682244067722,0.011767872991670938,0.9455032620941839,0.011476232470622193,0.944785743250478,0.011622052731146566,0.944785743250478,0.011622052731146566,0.001464372684056055,0.9799675335631832,-0.19915730757893693,0.199157307578937,0.9799675335631832,7.192404605540601,0.04162521367643701,0.0,0,0
925,0.9455032620941839,0.011476232470622193,0.9469207120756319,0.011187652303345397,0.946211987084908,0.011331942386983795,0.946211987084908,0.011331942386983795,0.0014465278990923132,0.9798981287104342,-0.19949851465559673,0.1994985146555968,0.9798981287104341,7.212710150488639,0.036206221422658835,0.0,0,0
926,0.9469207120756319,0.011187652303345397,0.948320518392618,0.01090216162100377,0.9476206152341249,0.011044906962174583,0.9476206152341249,0.011044906962174583,0.001428622642540044,0.9798292952275331,-0.19983631355165557,0.19983631355165563,0.9798292952275331,7.242797190867439,0.028148727882426727,0.0,0,0
927,0.948320518392618,0.01090216162100377,0.9497026257831855,0.010619789343133927,0.9490115720879018,0.010760975482068849,0.9490115720879018,0.010760975482068849,0.0014106576276229571,0.979761044426122,-0.20017066674474185,0.2001706667447419,0.979761044426122,7.2880950386787235,0.015954424135454892,0.0,0,0
928,0.9497026257831855,0.010619789343133927,0.9510669796841014,0.010340564172123286,0.9503848027336435,0.010480176757628606,0.9503848027336435,0.010480176757628606,0.0013926335709978255,0.9796933876427119,-0.20050153667527634,0.2005015366752764,0.9796933876427119,7.3597246862013055,-0.0034836376812568126,0.0,0,0
929,0.9510669796841014,0.010340564172123286,0.9524135262330098,0.010064514587656757,0.9517402529585556,0.010202539379890022,0.9517402529585556,0.010202539379890022,0.0013745511927394072,0.9796263362333033,-0.20082888576625346,0.20082888576625352,0.9796263362333033,7.486640241461026,-0.03839141075816177,0.0,0,0
930,0.9524135262330098,0.010064514587656757,0.9537422122705586,0.009791668841136143,0.9530778692517842,0.00992809171439645,0.9530778692517842,0.00992809171439645,0.0013564112163246917,0.9795599015680141,-0.2011526764427025,0.20115267644270254,0.9795599015680141,7.803479266037417,-0.12814187547683353,0.0,0,0
931,0.9537422122705586,0.009791668841136143,0.9550529853424978,0.009522054950074695,0.9543975988065282,0.009656861895605419,0.9543975988065282,0.009656861895605419,0.0013382143686175316,0.9794940950255935,-0.20147287115141224,0.2014728711514123,0.9794940950255935,7.76122468420744,-0.1159575404753157,-1.0287356368228862,0,1
932,0.9550529853424978,0.009522054950074695,0.9563457937017514,0.009255700692470125,0.9556993895221246,0.00938887782127241,0.9556993895221246,0.00938887782127241,0.0013199613798517292,0.9794289279878978,-0.2017894323805817,0.20178943238058175,0.9794289279878977,7.353595874408748,-0.0018130312822179917,-1.0287356368228862,0,1
933,0.9563457937017514,0.009255700692470125,0.9576205863104588,0.008992633601160918,0.9569831900061051,0.00912416714681552,0.9569831900061051,0.00912416714681552,0.0013016529836115038,0.979364411834522,-0.20210232267844078,0.20210232267844083,0.979364411834522,7.135885533306325,0.056628159806900724,-1.0287356368228862,0,1
934,0.9576205863104588,0.008992633601160918,0.9588773128419905,0.008732880958166392,0.9582489495762246,0.008862757279663656,0.9582489495762246,0.008862757279663656,0.001283289916814771,0.9793005579370916,-0.2024115046732797,0.20241150467327976,0.9793005579370916,6.971536206119151,0.0995820733578261,-1.0287356368228862,0,1
935,0.9588773128419905,0.008732880958166392,0.9601159236829352,0.008476469789016472,0.9594966182624629,0.008604675373591431,0.9594966182624629,0.008604675373591431,0.001264872919692135,0.9792373776538349,-0.20271694109186011,0.20271694109186017,0.9792373776538349,6.830366066474206,0.13567889393901522,-1.0287356368228862,0,1
936,0.9601159236829352,0.008476469789016472,0.9613363699350574,0.008223426857072901,0.9607261468089963,0.008349948323044688,0.9607261468089963,0.008349948323044688,0.0012464027357663551,0.9791748823239367,-0.2030185947786673,0.20301859477866735,0.9791748823239367,6.699746535834899,0.16842025192684706,-1.0287356368228862,0,1
937,0.9613363699350574,0.008223426857072901,0.962538603417229,0.0079737786578458,0.9619374866761432,0.00809860275745935,0.9619374866761432,0.00809860275745935,0.0012278801118316062,0.9791130832619906,-0.2033164287144501,0.20331642871445016,0.9791130832619906,6.57212514680796,0.1997995193080352,-1.0287356368228862,0,1
938,0.962538603417229,0.0079737786578458,0.9637225766673307,0.0077275514133083745,0.9631305900422799,0.007850665035577086,0.9631305900422799,0.007850665035577086,0.001209305797930804,0.9790519917523157,-0.20361040603521088,0.20361040603521094,0.9790519917523157,6.441170242660825,0.23137109180594673,-1.0287356368228862,0,1
939,0.9637225766673307,0.0077275514133083745,0.9648882429441257,0.007484771066214758,0.9643054098057282,0.007606161239761567,0.9643054098057282,0.007606161239761567,0.0011906805473307486,0.9789916190434995,-0.20390049004989544,0.2039004900498955,0.9789916190434995,6.299337594332757,0.2648483675939428,-1.0287356368228862,0,1
940,0.9648882429441257,0.007484771066214758,0.9660355562291054,0.007245463274421138,0.9654618995866155,0.007365117170317948,0.9654618995866155,0.007365117170317948,0.001172005116500842,0.9789319763425459,-0.20418664425979743,0.2041866442597975,0.9789319763425459,6.134027770259326,0.3029264016679277,-1.0287356368228862,0,1
941,0.9660355562291054,0.007245463274421138,0.9671644712283061,0.007009653405217786,0.9666000137287057,0.007127558339819462,0.9666000137287057,0.007127558339819462,0.0011532802650847278,0.9788730748095387,-0.20446883237530192,0.20446883237530197,0.9788730748095387,5.915178998426332,0.35177923192283245,-1.0287356368228862,0,1
942,0.9671644712283061,0.007009653405217786,0.9682749433740961,0.006777366529671072,0.9677197073012012,0.006893509967444429,0.9677197073012012,0.006893509967444429,0.001134506755875376,0.9788149255517167,-0.2047470183352798,0.2047470183352799,0.9788149255517167,5.507358736962392,0.43808077454870364,-1.0287356368228862,0,1
943,0.9682749433740961,0.006777366529671072,0.9693669288269371,0.0065486274169822495,0.9688209361005167,0.006662996973326661,0.9688209361005167,0.006662996973326661,0.0011156853547886706,0.9787575396181382,-0.20502116632350098,0.20502116632350104,0.9787575396181382,5.457929045924743,0.4481221935315748,0.0,0,0
944,0.9693669288269371,0.0065486274169822495,0.9704403844771128,0.006323460528864474,0.9699036566520249,0.006436043972923362,0.9699036566520249,0.006436043972923362,0.0010968168308330979,0.9787009279939097,-0.205291240786985,0.20529124078698505,0.9787009279939097,5.77380222958733,0.38239476821360563,0.0,0,0
945,0.9704403844771128,0.006323460528864474,0.9714952679464323,0.006101890013941646,0.9709678262117725,0.006212675271403061,0.9709678262117725,0.006212675271403061,0.0010779019560825866,0.9786451015946163,-0.20555720645324815,0.2055572064532482,0.9786451015946163,5.8980348544674035,0.3555313027625454,0.0,0,0
946,0.9714952679464323,0.006101890013941646,0.9725315375899024,0.005883939702173309,0.9720134027681673,0.005992914858057478,0.9720134027681673,0.005992914858057478,0.0010589415056449795,0.978590071260805,-0.20581902834716861,0.20581902834716867,0.978590071260805,5.9663897481803545,0.3405066843218585,0.0,0,0
947,0.9725315375899024,0.005883939702173309,0.9735491524973722,0.005669633099308121,0.9730403450436373,0.005776786400740715,0.9730403450436373,0.005776786400740715,0.0010399362576313596,0.978535847752405,-0.20607667180804842,0.20607667180804848,0.978535847752405,6.007940438800826,0.33128911028438235,0.0,0,0
948,0.9735491524973722,0.005669633099308121,0.9745480724951474,0.005458993381369185,0.9740486124962597,0.005564313240338653,0.9740486124962597,0.005564313240338653,0.0010208869931234684,0.9784824417431153,-0.20633010250671383,0.20633010250671388,0.9784824417431153,6.0338368829265585,0.3255119038660069,0.0,0,0
949,0.9745480724951474,0.005458993381369185,0.9755282581475768,0.005252043389175499,0.9750381653213621,0.005355518385272342,0.9750381653213621,0.005355518385272342,0.0010017944961405187,0.9784298638150261,-0.2065792864614202,0.20657928646142026,0.9784298638150261,6.049517136312235,0.322001737224788,0.0,0,0
950,0.9755282581475768,0.005252043389175499,0.9764896707586094,0.005048805622901598,0.9760089644530932,0.0051504245060385485,0.9760089644530932,0.0051504245060385485,0.0009826595536056397,0.9783781244530455,-0.20682419005459948,0.20682419005459957,0.9783781244530454,6.0580246239954265,0.3200934468349631,0.0,0,0
951,0.9764896707586094,0.005048805622901598,0.9774322723733215,0.004849302236680137,0.9769609715659655,0.004949053929790868,0.9769609715659655,0.004949053929790868,0.0009634829553094315,0.978327234039581,-0.20706478004832896,0.207064780048329,0.978327234039581,6.061223072102762,0.3193753183902174,0.0,0,0
952,0.9774322723733215,0.004849302236680137,0.9783560257794153,0.004653555033248705,0.9778941490763684,0.004751428634964422,0.9778941490763684,0.004751428634964422,0.0009442654938739502,0.9782772028488981,-0.20730102360127367,0.20730102360127373,0.9782772028488981,6.060328704376592,0.3195761636093891,0.0,0,0
953,0.9783560257794153,0.004653555033248705,0.979260894508688,0.004461585458646385,0.9788084601440517,0.004557570245947546,0.9788084601440517,0.004557570245947546,0.0009250079647163523,0.9782280410420341,-0.2075328882829525,0.20753288828295258,0.9782280410420341,6.056173485652791,0.32050889869393784,0.0,0,0
954,0.979260894508688,0.004461585458646385,0.9801468428384715,0.00427341459696144,0.9797038686735797,0.004367500027803913,0.9797038686735797,0.004367500027803913,0.0009057111660090287,0.9781797586612416,-0.2077603420901956,0.20776034209019567,0.9781797586612416,6.049347382137576,0.32203978701227487,0.0,0,0
955,0.9801468428384715,0.00427341459696144,0.9810138357930429,0.004089063165135031,0.9805803393157573,0.0041812388810482356,0.9805803393157573,0.0041812388810482356,0.0008863758986416843,0.9781323656250015,-0.20798335346089222,0.2079833534608923,0.9781323656250015,6.040280612970811,0.3240705192120529,0.0,0,0
956,0.9810138357930429,0.004089063165135031,0.9818618391450049,0.003908551507821483,0.9814378374690239,0.003998807336478257,0.9814378374690239,0.003998807336478257,0.0008670029661799741,0.9780858717223477,-0.20820189129096559,0.20820189129096567,0.9780858717223477,6.0292938073562885,0.326527210333062,0.0,0,0
957,0.9818618391450049,0.003908551507821483,0.9826908194166369,0.0037318995923123666,0.982276329280821,0.003820225550066925,0.982276329280821,0.003820225550066925,0.0008475931748239561,0.9780402866082628,-0.2084159249463128,0.20841592494631286,0.9780402866082628,6.0166299342612195,0.32935335128239607,0.0,0,0
958,0.9826908194166369,0.0037318995923123666,0.9835007438812176,0.0035591270035228825,0.9830957816489272,0.0036455132979176246,0.9830957816489272,0.0036455132979176246,0.0008281473333672058,0.9779956197981114,-0.20862542427927602,0.20862542427927608,0.9779956197981113,6.00247535924077,0.3325051330066313,0.0,0,0
959,0.9835007438812176,0.0035591270035228825,0.9842915805643155,0.0033902529390472456,0.9838961622227665,0.003474689971285064,0.9838961622227665,0.003474689971285064,0.0008086662531514116,0.9779518806628262,-0.20883035964160315,0.2088303596416032,0.9779518806628262,5.9869741441813975,0.33594825287936025,0.0,0,0
960,0.9842915805643155,0.0033902529390472456,0.9850632982450529,0.0032252962042841446,0.9846774394046842,0.003307774571665695,0.9846774394046842,0.003307774571665695,0.0007891507480236933,0.9779090784238736,-0.20903070189847767,0.20903070189847772,0.9779090784238735,5.970237998697153,0.3396556792563977,0.0,0,0
961,0.9850632982450529,0.0032252962042841446,0.985815866457337,0.0030642752076358065,0.985439582351195,0.0031447857059599756,0.985439582351195,0.0031447857059599756,0.0007696016342901648,0.9778672221482646,-0.20922642244237802,0.20922642244237807,0.9778672221482646,5.952353347294048,0.34360605400560607,0.0,0,0
962,0.985815866457337,0.0030642752076358065,0.9865492554910633,0.0029072079557843768,0.9861825609742001,0.0029857415817100916,0.9861825609742001,0.0029857415817100916,0.0007500197306699323,0.9778263207439232,-0.20941749320532485,0.2094174932053249,0.9778263207439232,5.933386431325232,0.34778253102788625,0.0,0,0
963,0.9865492554910633,0.0029072079557843768,0.9872634363932886,0.0027541120490468846,0.986906345942176,0.0028306600024156307,0.986906345942176,0.0028306600024156307,0.0007304058582480858,0.977786382954678,-0.20960388667295235,0.2096038866729524,0.9777863829546779,5.91338703867794,0.35217191981204143,0.0,0,0
964,0.9872634363932886,0.0027541120490468846,0.9879583809693737,0.0026050046768131036,0.9876109086813312,0.002679558362929994,0.9876109086813312,0.002679558362929994,0.0007107608404270466,0.9777474173556826,-0.20978557589665853,0.2097855758966586,0.9777474173556826,5.892391252731973,0.3567640471039448,0.0,0,0
965,0.9879583809693737,0.0026050046768131036,0.9886340617840967,0.0024599026130687966,0.9882962213767352,0.00253245364494095,0.9882962213767352,0.00253245364494095,0.0006910855028776289,0.9777094323488746,-0.20996253450566224,0.2099625345056623,0.9777094323488746,5.87042348419727,0.36155127783148633,0.0,0,0
966,0.9886340617840967,0.0024599026130687966,0.989290452162736,0.0023188222120064895,0.9889622569734164,0.002389362412537643,0.9889622569734164,0.002389362412537643,0.0006713806734886968,0.9776724361582981,-0.2101347367197971,0.21013473671979718,0.9776724361582981,5.847497965942422,0.36652815477975664,0.0,0,0
967,0.989290452162736,0.0023188222120064895,0.9899275261921234,0.002181779403727432,0.9896089891774298,0.002250300807866961,0.9896089891774298,0.002250300807866961,0.0006516471823164005,0.9776364368258282,-0.21030215736054242,0.2103021573605425,0.9776364368258282,5.823619835165496,0.3716911287741995,0.0,0,0
968,0.9899275261921234,0.002181779403727432,0.990545258721667,0.00204878969003649,0.9902363924568952,0.002115284546881961,0.9902363924568952,0.002115284546881961,0.000631885861531876,0.9776014422066566,-0.21046477186328616,0.21046477186328622,0.9776014422066566,5.798785888974612,0.37703835953243225,0.0,0,0
969,0.990545258721667,0.00204878969003649,0.9911436253643444,0.00191986814033354,0.9908444420430057,0.001984328915185015,0.9908444420430057,0.001984328915185015,0.0006120975453690915,0.9775674599652515,-0.21062255628751256,0.2106225562875126,0.9775674599652515,5.772985072480689,0.3825695732280031,0.0,0,0
970,0.9911436253643444,0.00191986814033354,0.9917226024976649,0.0017950293876031072,0.9914331139310046,0.0018574487639683238,0.9914331139310046,0.0018574487639683238,0.000592283070069753,0.9775344975710013,-0.21077548732860274,0.2107754873286028,0.9775344975710013,5.746198738814525,0.3882859670506583,0.0,0,0
971,0.9917226024976649,0.0017950293876031072,0.9922821672646027,0.001674287624504926,0.9920023848811338,0.0017346585060540166,0.9920023848811338,0.0017346585060540166,0.000572443273830934,0.9775025622942708,-0.2109235423278663,0.21092354232786636,0.9775025622942708,5.718400705527129,0.3941901541962608,0.0,0,0
972,0.9922821672646027,0.001674287624504926,0.992822297574499,0.0015576565995684118,0.9925522324195508,0.0016159721120366688,0.9925522324195508,0.0016159721120366688,0.0005525789967474496,0.9774716612024319,-0.21106669928285263,0.2110666992828527,0.9774716612024319,5.68955711974458,0.40028614517418337,0.0,0,0
973,0.992822297574499,0.0015576565995684118,0.9933429721039341,0.001445149613492419,0.9930826348392165,0.0015014031065304152,0.9930826348392165,0.0015014031065304152,0.0005326910807572382,0.9774418011559227,-0.21120493685770114,0.2112049368577012,0.9774418011559227,5.659626133999668,0.40657936333378464,0.0,0,0
974,0.9933429721039341,0.001445149613492419,0.9938441702975689,0.0013367795155540027,0.9935935712007515,0.001390964564523211,0.9935935712007515,0.001390964564523211,0.0005127803695832938,0.9774129888047488,-0.21133823439162167,0.21133823439162172,0.9774129888047488,5.628557384796299,0.4130766942924241,0.0,0,0
975,0.9938441702975689,0.0013367795155540027,0.994325872368957,0.0012325587001264903,0.9940850213332629,0.0012846691078402465,0.9940850213332629,0.0012846691078402465,0.0004928477086767804,0.9773852305844858,-0.2114665719098684,0.21146657190986845,0.9773852305844858,5.596291255765195,0.41978657066150515,0.0,0,0
976,0.994325872368957,0.0012325587001264903,0.9947880593013254,0.0011324991033110395,0.9945569658351412,0.001182528901718765,0.9945569658351412,0.001182528901718765,0.0004728939451579134,0.9773585327130754,-0.21158993013124305,0.2115899301312431,0.9773585327130754,5.562757895866349,0.4267190952572206,0.0,0,0
977,0.9947880593013254,0.0011324991033110395,0.9952307128483255,0.001036612199682553,0.9950093860748255,0.0010845556514967962,0.9950093860748255,0.0010845556514967962,0.00045291992775683016,0.9773329011873039,-0.21170829047726897,0.21170829047726902,0.9773329011873039,5.527875949346345,0.4338862080263919,0.0,0,0
978,0.9952307128483255,0.001036612199682553,0.9956538155347533,0.0009449089991521261,0.9954422641915395,0.0009907605994173396,0.9954422641915395,0.0009907605994173396,0.0004329265067536384,0.9773083417794229,-0.21182163508092058,0.21182163508092064,0.9773083417794229,5.491550936825414,0.44130190438358674,0.0,0,0
979,0.9956538155347533,0.0009449089991521261,0.996057350657239,0.0008574000439487485,0.9958555830959961,0.0009011545215504373,0.9958555830959961,0.0009011545215504373,0.0004129145339175343,0.9772848600342344,-0.21192994679343188,0.21192994679343194,0.9772848600342344,5.4536732040294,0.4489825158128682,0.0,0,0
980,0.996057350657239,0.0008574000439487485,0.9964413022849068,0.0007740954057207732,0.9962493264710729,0.0008157477248347609,0.9962493264710729,0.0008157477248347609,0.0003928848624457894,0.9772624612656795,-0.2120332091936221,0.21203320919362215,0.9772624612656795,5.414115323696181,0.4569470677730353,0.0,0,0
981,0.9964413022849068,0.0007740954057207732,0.9968056552600042,0.0006950046827602862,0.9966234787724555,0.0007345500442405297,0.9966234787724555,0.0007345500442405297,0.0003728383469021688,0.9772411505542067,-0.21213140659386182,0.21213140659386187,0.9772411505542067,5.372728793110066,0.46521773567100466,0.0,0,0
982,0.9968056552600042,0.0006950046827602862,0.9971503951984995,0.0006201369973518902,0.9969780252292518,0.0006575708400560882,0.9969780252292518,0.0006575708400560882,0.00035277584315274364,0.9772209327439692,-0.21222452404707334,0.2122245240470734,0.9772209327439692,5.329339808596954,0.47382042768528987,0.0,0,0
983,0.9971503951984995,0.0006201369973518902,0.9974755084906501,0.000549500993246263,0.9973129518445748,0.0005848189952990766,0.9973129518445748,0.0005848189952990766,0.0003326982083045593,0.977201812439773,-0.212312547355126,0.21231254735512606,0.977201812439773,5.283743809566651,0.4827855347456287,0.0,0,0
984,0.9974755084906501,0.000549500993246263,0.99778098230154,0.00048310483326258755,0.9976282453960951,0.0005163029132544253,0.9976282453960951,0.0005163029132544253,0.00031260630064051687,0.977183794005281,-0.21239546307170631,0.21239546307170637,0.977183794005281,5.235698353480326,0.4921489048304283,0.0,0,0
985,0.99778098230154,0.00048310483326258755,0.9980668045715863,0.00042095619701821847,0.9979238934365631,0.000452030515140403,0.9979238934365631,0.000452030515140403,0.00029250097955635775,0.9771668815597362,-0.21247325851226656,0.21247325851226662,0.9771668815597362,5.184913684275693,0.5019531240582731,0.0,0,0
986,0.9980668045715863,0.00042095619701821847,0.9983329640170149,0.0003630622787897927,0.9981998842943005,0.0003920092379040056,0.9981998842943005,0.0003920092379040056,0.00027238310549429023,0.9771510789761731,-0.2125459217573951,0.21254592175739515,0.977151078976173,5.131040048664192,0.5122492258767669,0.0,0,0
987,0.9983329640170149,0.0003630622787897927,0.9985794501303069,0.00030942978550592274,0.9984562070736609,0.00033624603214785773,0.9984562070736609,0.00033624603214785773,0.00025225353987933863,0.9771363898795441,-0.21261344165685186,0.21261344165685192,0.9771363898795441,5.073650323868678,0.5230990108877199,0.0,0,0
988,0.9985794501303069,0.00030942978550592274,0.9988062531806126,0.00026006493487192164,0.9986928516554597,0.0002847473601889222,0.9986928516554597,0.0002847473601889222,0.00023211314505228417,0.977122817643775,-0.21267580783880918,0.21267580783880927,0.977122817643775,5.012215715113018,0.5345782592132947,0.0,0,0
989,0.9988062531806126,0.00026006493487192164,0.9990133642141358,0.00021497345362984504,0.9989098086973742,0.00023751919425088334,0.9989098086973742,0.00023751919425088334,0.00021196278420435426,0.9771103653910542,-0.21273301070910555,0.2127330107091056,0.9771103653910542,4.9460709148217505,0.5467812839184872,0.0,0,0
990,0.9990133642141358,0.00021497345362984504,0.9992007750544876,0.00017416057595273787,0.9991070696343116,0.00019456701479129144,0.9991070696343116,0.00019456701479129144,0.0001918033213102671,0.9770990359891915,-0.21278504145966803,0.2127850414596681,0.9770990359891915,4.874362705530811,0.5598275640744426,0.0,0,0
991,0.9992007750544876,0.00017416057595273787,0.9993684783030088,0.00013763104197555968,0.9992846266787482,0.00015589580896414879,0.9992846266787482,0.00015589580896414879,0.0001716356210614824,0.9770888320504802,-0.21283189207031078,0.21283189207031086,0.9770888320504802,4.795971545909302,0.5738717229237563,0.0,0,0
992,0.9993684783030088,0.00013763104197555968,0.9995164673390624,0.00010538909646298776,0.9994424728210356,0.00012151006921927373,0.9994424728210356,0.00012151006921927373,0.00015146054879906903,0.977079755930009,-0.21287355531336932,0.21287355531336938,0.977079755930009,4.709387055564493,0.5891191220654066,0.0,0,0
993,0.9995164673390624,0.00010538909646298776,0.9996447363202946,7.743848761564697e-05,0.9995806018296785,9.141379203931737e-05,0.9995806018296785,9.141379203931737e-05,0.00013127897044569578,0.9770718097248688,-0.21291002475451834,0.2129100247545184,0.9770718097248688,4.612500534441743,0.6058513735052382,0.0,0,0
994,0.9996447363202946,7.743848761564697e-05,0.9997532801828658,5.378246601429187e-05,0.9996990082515802,6.561047681496942e-05,0.9996990082515802,6.561047681496942e-05,0.00011109175243859832,0.9770649952721833,-0.21294129475930337,0.21294129475930343,0.9770649952721833,4.502238275185993,0.6244704558857566,0.0,0,0
995,0.9997532801828658,5.378246601429187e-05,0.99984209464165,3.44237837039768e-05,0.9997976874122578,4.410312485913434e-05,0.9997976874122578,4.410312485913434e-05,9.08997616603956e-05,0.9770593141485185,-0.21296736049363643,0.21296736049363651,0.9770593141485185,4.373864345098675,0.645580362409796,0.0,0,0
996,0.99984209464165,3.44237837039768e-05,0.9999111761904045,1.9364693418064125e-05,0.9998766354160272,2.6894238561020463e-05,0.9998766354160272,2.6894238561020463e-05,7.070386537213775e-05,0.9770547676695425,-0.2129882179234721,0.21298821792347217,0.9770547676695425,4.21952579473124,0.6701515475640591,0.0,0,0
997,0.9999111761904045,1.9364693418064125e-05,0.9999605221019081,8.606947942345344e-06,0.9999358491461563,1.3985820680204735e-05,0.9999358491461563,1.3985820680204735e-05,5.0504931143842874e-05,0.9770513568880411,-0.21300386382232056,0.21300386382232062,0.9770513568880411,4.024821550982583,0.6998900337197029,0.0,0,0
998,0.9999605221019081,8.606947942345344e-06,0.9999901304280685,2.151799620424277e-06,0.9999753262649883,5.379373781384811e-06,0.9999753262649883,5.379373781384811e-06,3.0303826786036133e-05,0.9770490825942205,-0.2130142957685986,0.21301429576859865,0.9770490825942205,3.759264295529182,0.7381859924939747,0.0,0,0
999,0.9999901304280685,2.151799620424277e-06,1.0,0.0,0.9999950652140343,1.0758998102121384e-06,0.9999950652140343,1.0758998102121384e-06,1.0101420282191418e-05,0.9770479453169256,-0.2130195121390853,0.21301951213908535,0.9770479453169256,3.351558067595534,0.791895891245403,0.0,0,0
